1,1,0.00021256,0.73183,-0.8121,0.47831,7.2144,0.52997,-0.084624,1.0058
1,2,1.6022e-05,-0.12528,0.3812,-0.99335,6.6056,-1.2936,0.75578,-1.0151
1,3,7.582e-05,-0.38789,1.2859,1.4557,7.6118,0.9737,0.99815,2.2714
1,4,0.003794,-0.6957,1.7385,0.045094,4.6192,-0.26251,-0.029154,-0.66998
1,5,0.00048931,1.6117,0.72081,1.1896,8.1388,1.3603,0.48741,0.39726
1,6,0.0038941,-0.2187,-0.67253,-0.02373,3.8722,-1.5812,-0.88395,-0.67747
1,7,9.3953e-06,-2.088,1.4045,0.45286,5.7849,0.11115,1.2129,1.809
1,8,0.0012416,0.62619,-0.055856,0.31169,5.4397,1.3873,-0.58557,-0.36394
1,9,1.0403e-05,0.13895,-0.66981,-0.036492,7.826,1.3204,1.0949,0.79552
1,10,7.9648e-05,-1.237,1.1062,0.17379,5.7151,-0.45005,0.61211,1.1236
1,11,0.001009,1.0193,-0.86913,-0.40664,7.3111,1.1562,0.20564,-0.05619
1,12,0.0001183,-0.66319,0.10004,-0.83592,5.2637,-0.6261,-0.042404,-0.97346
1,13,2.418e-05,-0.26304,-0.30532,-0.77792,5.7624,-0.013292,0.061349,0.13788
1,14,0.39586,2.5093,-0.99944,0.76944,6.0417,2.732,-0.7774,0.51847
1,15,0.00033571,1.1289,-0.22026,0.84701,7.508,0.70538,0.026321,0.18558
1,16,0.00054273,1.056,0.3774,-0.73326,7.1299,1.7483,1.7428,0.58189
1,17,0.013075,0.70347,1.4022,1.2404,5.3793,1.741,0.64129,0.64633
1,18,0.00010415,0.60005,0.11505,1.106,7.0133,0.45187,1.0165,2.2623
1,19,0.00034168,1.3214,-1.7846,0.062791,7.6216,0.8258,-0.32944,1.2107
1,20,1.703e-06,-2.8966,0.8431,-1.062,4.4176,-1.0219,-0.034024,0.032525
2,1,0.002995,-0.31265,1.1524,2.2302,6.5728,0.67732,0.57742,2.2548
2,2,3.4669e-06,-1.2794,-0.75095,-3.2892,5.6643,-0.60546,0.13504,-1.5594
2,3,7.9115e-05,-1.3401,-0.24272,-2.1245,4.7542,-0.1517,0.46388,-0.84781
2,4,0.040235,1.9244,-0.46561,1.0971,8.4944,1.195,-0.77854,0.2
2,5,0.00027523,-1.046,-1.6546,-3.0868,3.8117,-1.0579,-0.86562,-1.3168
2,6,0.0048336,0.76735,-1.2274,-0.025228,6.1034,0.83301,0.086456,-0.68538
2,7,0.00047982,-0.32351,0.64697,0.007057,7.4288,0.96301,1.2685,1.2019
2,8,4.2126e-05,-0.23378,0.12207,-0.57189,8.3072,-0.46547,1.6591,1.2183
2,9,0.0040123,-0.32963,1.294,0.82184,5.7757,-0.47399,0.60932,0.17783
2,10,0.0018613,-0.005897,-1.5314,-1.3678,4.0999,1.3473,-0.6219,-1.1897
2,11,0.0064822,0.42407,1.147,-0.45634,6.1607,0.4643,-0.29344,-1.3611
2,12,0.095452,1.2267,-1.1733,0.86639,5.4167,0.61905,-0.4217,0.89314
2,13,0.00093454,0.014162,0.19117,0.90354,5.2201,-0.15956,-1.5235,0.091276
2,14,0.0012069,0.5697,-1.6659,-2.3046,5.1715,0.12304,1.1827,-1.0112
2,15,0.0046996,-0.89578,1.2151,-0.40474,3.9209,-2.4654,0.84205,-0.88241
2,16,0.0036232,0.50959,-1.6962,0.72353,5.7833,-0.21379,-1.7394,0.96484
2,17,6.4871e-06,-1.5711,-0.43376,-0.51794,7.349,0.22583,-0.85377,1.1895
2,18,7.3678e-06,-0.69275,0.087123,-1.2188,7.7323,1.4073,1.2797,1.2129
2,19,0.0032518,0.80962,-0.79339,-0.35308,6.25,0.86844,-0.061925,-0.16728
2,20,1.1085e-05,-0.79288,0.43474,0.19199,7.6549,-0.95604,1.4469,0.75228
3,1,4.587e-05,-1.0447,0.089106,0.027829,5.5187,0.23206,-0.053228,1.7078
3,2,0.0010309,-1.2456,0.41246,-0.14602,3.9294,-2.4564,-0.018931,1.0595
3,3,0.00398,0.15889,0.33547,0.42579,4.8232,-0.27546,-0.50558,0.32334
3,4,0.00015987,-1.3405,-1.1766,-1.6225,5.143,-1.2293,-0.55796,-1.2595
3,5,0.14684,0.70092,1.1731,2.3238,6.9763,-0.38242,0.33823,0.76973
3,6,0.0041212,0.27737,-1.3147,-1.4122,5.0018,0.22689,-1.1565,-1.4
3,7,0.00017886,-0.8154,2.4632,0.82429,7.3303,0.59005,0.65654,0.8811
3,8,0.0010702,0.91884,-0.63601,-0.17146,6.8226,-0.014306,1.0532,-0.21786
3,9,0.00034901,0.053971,1.5057,0.095696,6.6522,0.64137,0.98633,-0.71362
3,10,0.014931,-0.38397,-0.28774,-0.95736,4.0084,-1.0759,-0.64667,0.12593
3,11,0.0063428,1.3545,-1.3624,0.61772,8.1771,0.16036,0.50477,0.78406
3,12,0.00039299,-0.079409,-0.70485,0.051877,7.0536,0.12012,0.44815,1.057
3,13,3.6306e-05,-0.87987,0.18494,0.34851,6.4035,-0.7435,0.059553,0.34098
3,14,0.012249,0.33689,0.47621,0.01842,5.0364,0.31443,-0.86743,-0.55108
3,15,2.7663e-05,-0.053199,-1.3339,0.57204,6.796,-0.29553,0.77937,1.922
3,16,0.0030244,-0.25432,-0.15534,-0.018591,4.2335,-0.97271,-0.66588,0.71315
3,17,0.0066917,0.12976,-0.13592,0.23479,3.9567,-1.5459,-1.2106,-0.58997
3,18,8.4037e-05,0.67404,0.22561,1.2577,9.375,1.8559,1.048,1.6036
4,1,0.0097671,0.55501,-1.5916,-1.2619,3.6138,-1.1611,-0.52268,-1.1061
4,2,0.013022,0.84409,-0.54584,0.52024,5.0364,0.0021634,0.59991,1.5688
4,3,0.00054525,0.39209,0.28288,0.51838,6.5139,0.7504,0.68795,0.11611
4,4,0.00032746,-0.34459,0.34321,1.0641,7.315,-0.45987,0.21602,1.6902
4,5,0.00021539,0.93985,-2.1158,-1.9442,6.673,0.80036,0.058625,0.89412
4,6,0.0001307,-1.4353,-0.40096,-0.43061,4.4247,-1.1287,-0.90597,0.93489
4,7,0.0058316,1.0646,-1.4066,-0.29742,5.5087,-0.26385,-0.756,-0.93188
4,8,0.00015117,-1.3529,1.754,0.56772,5.2205,-0.47539,1.0279,-0.46514
4,9,0.01163,0.68413,-0.81323,-0.054484,4.5799,1.1235,-0.50525,0.7605
4,10,0.253,1.4009,0.34551,0.75421,4.4019,-0.64203,0.65993,-1.284
4,11,0.01068,-0.076865,1.8484,0.49856,3.8414,-1.576,-0.20575,-2.6275
4,12,0.014737,1.7473,-1.5703,-0.22505,5.4401,-0.5945,0.61887,0.72559
4,13,2.6697e-05,-0.78494,-0.38864,-1.399,5.542,0.74945,-0.39254,0.12167
4,14,0.0094712,1.8282,-1.4814,-0.75492,7.1354,1.7069,0.54107,-0.4023
4,15,0.0016619,-0.89167,2.2896,1.0185,4.9718,-1.4762,1.4541,1.1611
4,16,0.00057374,-0.51297,0.9868,-0.89222,5,-1.3869,0.81573,-1.7082
5,1,1.3624e-05,0.13268,-0.98067,-1.1483,6.3613,1.9072,0.85865,0.56015
5,2,0.0005392,1.2622,-1.583,-0.32348,5.6621,1.5952,-0.24598,0.20759
5,3,5.3484e-05,-1.1391,0.13502,0.15299,4.3864,0.857,-0.85597,0.81786
5,4,1.6449e-05,0.19687,-0.99105,-1.4009,7.4907,0.9814,-0.017917,-0.94613
5,5,0.002471,-0.30264,0.027935,-0.67229,3.5029,-1.1116,0.45797,-0.57626
5,6,2.4687e-06,-2.9852,0.89154,-0.66871,5.8008,-2.4257,1.3632,0.4379
5,7,1.9857e-05,-1.2022,1.2558,0.85318,5.5791,-0.75724,-0.32419,1.2729
5,8,0.54911,1.5721,-1.0899,1.4618,3.9929,0.04182,-2.2085,-0.28728
5,9,4.0382e-05,-0.19103,1.0586,0.029618,5.9889,-0.48351,2.1704,0.67437
5,10,3.6713e-05,0.40426,0.0043566,0.28315,6.4436,-0.98296,1.2342,0.03882
5,11,1.7969e-05,-0.44367,0.35131,0.84457,6.3191,0.58622,0.70749,1.5153
5,12,7.5986e-06,-0.41676,0.28458,-0.73198,5.6991,-0.62585,0.16822,-0.69184
5,13,4.1299e-06,-0.977,0.20988,0.0078087,6.8835,0.01088,0.015284,2.1382
5,14,0.22922,0.84953,0.21322,-0.35897,2.6749,0.5104,0.74056,-0.38918
5,15,2.6135e-05,0.42257,1.0705,1.1479,8.6807,1.6794,0.88699,1.4809
5,16,0.0019129,0.10943,0.29714,1.3129,4.5502,-1.4937,1.3234,1.0693
5,17,8.8149e-06,-0.24651,0.093038,0.72249,6.8547,-0.24151,0.67017,1.2728
5,18,0.00015782,-0.68389,-1.5508,-0.68055,4.2071,-1.1266,-1.4992,-0.074733
5,19,0.00021779,-0.19758,0.10013,-0.5464,5.8584,1.1639,-1.172,-0.36776
6,1,0.016453,0.27975,0.21608,-0.046134,5.0188,-0.064141,0.34741,-0.71913
6,2,0.00024772,0.83548,-1.043,-2.3037,7.3605,0.76002,0.60632,-1.8884
6,3,6.5837e-05,-0.72384,0.32469,0.054438,6.7348,-0.28845,1.2012,0.58607
6,4,0.0089216,0.069243,0.81145,0.93958,4.8518,-0.47496,0.62881,0.46821
6,5,0.046414,1.5287,-0.74891,0.80883,7.5,1.4919,0.24494,1.0855
6,6,1.7486e-05,-0.045891,-0.31782,-0.35107,6.4012,-0.32222,1.3752,-0.073205
6,7,3.5206e-05,-0.38227,2.0975,-0.49283,7.4388,1.3678,1.6001,0.80341
6,8,0.00089398,-0.48525,-0.46676,-0.50256,3.9588,-0.24481,-0.79824,-0.15684
6,9,0.0019203,-0.2076,0.43275,0.193,4.4664,-1.0284,0.27898,-1.4993
6,10,0.019564,0.21337,-1.7106,-0.69432,4.0832,-1.3905,-1.0409,-1.2676
6,11,3.7857e-06,-0.73736,1.8301,0.25696,7.0467,0.98696,0.67257,0.76746
6,12,0.00075265,-0.10667,-0.44241,-0.25297,4.9314,-0.6622,-0.027347,0.097878
6,13,3.5479e-05,-0.73159,0.10471,-0.83159,5.8802,-0.24262,0.1748,-0.90506
6,14,0.000786,-0.69972,0.5261,-1.0583,4.9538,0.45178,-0.10355,-1.4621
6,15,0.00016523,0.5524,0.37266,0.17161,8.078,0.81611,1.523,-0.3529
6,16,0.038722,0.17469,0.87174,2.0534,5.2321,-0.6564,-0.25177,0.27862
6,17,0.0005391,-0.50805,-1.2754,-1.5389,3.6093,-0.32494,-0.57597,-0.26591
6,18,0.078667,-0.21242,0.18966,1.105,3.5402,-0.67815,-0.59729,0.080046
6,19,0.00021563,-0.53038,-0.065914,-0.67999,5.5712,-0.90959,-0.39351,-0.67803
6,20,0.00019273,-1.7305,-0.31846,-1.5438,4.06,-1.4455,-0.055147,-0.37863
6,21,7.2237e-05,-0.23956,-0.99131,-1.4235,5.6557,0.27536,-0.34375,-0.93588
6,22,0.0041477,0.99941,-1.6747,-2.0369,4.375,-0.19619,-0.15698,-0.68987
7,1,0.00043988,0.22614,0.75553,0.46657,7.694,0.62584,1.1261,0.34031
7,2,0.00019492,-0.89746,-0.38172,-1.082,4.224,-0.83218,-1.9154,-2.0997
7,3,0.007147,0.53887,-0.32108,-0.98188,3.9991,0.66052,-0.86003,-1.8908
7,4,0.0003237,0.27884,1.3377,0.18868,7.6625,1.7269,2.1322,0.45793
7,5,0.00031474,0.0060811,-0.32311,-0.30253,5.1089,0.16738,0.6364,0.51744
7,6,0.023566,-0.93014,0.15031,0.98863,2.8559,0.1045,-1.4506,0.61134
7,7,0.00019931,-0.40498,-1.4686,-0.65227,4.987,-0.71105,0.15216,0.048608
7,8,0.13787,0.75108,0.056286,1.6531,5.7447,0.63361,-0.029563,1.9912
7,9,0.0013485,0.74365,0.83615,0.80262,6.5111,1.4058,1.0159,0.413
7,10,0.051228,1.9111,-2.1418,0.44139,6.6667,1.7109,-1.5548,0.34795
7,11,0.00017471,-0.39365,1.0005,1.345,6.5992,-0.40239,0.92411,1.5206
7,12,0.001582,0.13584,-0.12493,0.65361,5.2424,-0.49779,-0.52771,-0.83992
7,13,0.013849,-0.29652,-2.1255,-1.381,2.6389,-1.8979,-2.0258,-0.94061
7,14,0.016125,2.0103,-1.2041,0.78309,7.1143,0.75749,-1.5095,0.33772
7,15,4.4274e-05,-1.7955,2.0612,0.57583,6.4842,-1.3548,0.031664,0.46922
7,16,3.6152e-05,-0.53354,-1.6806,-1.5478,7.5,0.030156,-0.91335,0.42311
8,1,9.7243e-05,-0.44474,-0.33369,-0.55619,4.9684,-0.44674,-0.38803,0.40714
8,2,0.00025933,-1.0553,1.321,-1.3524,4.4399,-1.9624,-0.019477,-1.8262
8,3,0.014576,1.3765,-0.11944,0.08592,6.25,0.72286,0.0080844,-0.77316
8,4,0.00020988,0.172,0.55125,-0.68889,6.292,1.7791,-0.52458,-0.49592
8,5,0.0010014,1.165,-0.68603,-0.041191,6.7012,0.63184,0.47457,0.1629
8,6,2.8164e-05,-1.3873,1.7627,-1.1872,5.964,0.94196,0.28964,-1.0978
8,7,0.0012619,0.98488,-1.5259,-1.2923,5.7835,0.47046,-0.54301,-0.33073
8,8,0.00015762,0.21298,-0.15271,-0.53093,5.8516,0.22641,-0.9338,-1.3622
8,9,0.0001537,0.45127,0.063102,0.65496,7.1397,0.8964,1.4496,0.93889
8,10,0.0014389,0.53732,-0.11671,0.43932,4.376,-1.3974,-1.8392,-0.76914
8,11,0.0010086,0.53251,-0.88063,-0.61997,5.4005,0.65948,-0.9182,-1.582
8,12,0.0012322,-0.6211,0.45441,-1.4186,3.4016,-0.73836,0.40299,-2.1706
8,13,0.0036981,1.1147,-0.87335,0.19648,4.6786,0.21376,0.53762,0.46871
8,14,0.53724,1.7224,-1.7026,-0.78427,3.3774,-1.3657,-1.8064,-2.504
8,15,0.00060704,0.47712,0.0038323,0.27756,6.6667,0.79961,-1.3281,-0.23306
9,1,0.0016603,0.016044,-0.099013,-0.85709,6.4265,-0.99971,1.2587,-1.1837
9,2,2.173e-05,-1.5622,0.16975,-2.1394,5.0856,-1.5322,0.90323,-0.60918
9,3,0.0016133,0.63068,-0.30451,0.39065,5.8803,0.45998,-0.74757,-0.52315
9,4,0.0060704,-0.2561,-0.19039,-0.40564,4.8005,-1.3837,0.22239,-0.46869
9,5,1.3435e-05,-1.58,0.22383,-0.49544,6.413,-1.0967,-0.33403,0.21902
9,6,5.6503e-05,-0.96188,1.5015,-0.62722,6.2194,-0.97338,1.3332,-1.0405
9,7,0.11133,0.8634,1.1796,1.812,4.6617,0.012023,-0.29043,-0.46022
9,8,0.0092971,-0.01633,0.89839,-0.69265,4.2537,0.069833,-0.38753,-2.1599
9,9,0.011557,0.50408,0.19675,-0.58983,4.7973,0.19306,0.06172,-0.44693
9,10,7.5064e-05,-0.63807,0.40007,0.56376,6.1269,-0.70538,1.7454,1.1175
9,11,0.0020757,-0.28937,1.8446,0.53687,6.6595,0.11298,0.01721,-0.94329
9,12,0.0047202,-0.11346,1.3964,0.37641,4.975,-1.168,0.94041,-0.4651
9,13,0.093008,1.3684,-0.36752,0.64741,7.3411,0.83814,0.17005,1.3158
9,14,0.00076528,-0.43833,0.74504,-0.73698,6.2373,0.68406,1.3647,0.23613
9,15,0.0022966,1.2247,0.6915,0.72228,7.4343,0.81248,1.3104,0.56963
9,16,3.6559e-05,0.42572,-1.0898,-0.64895,8.134,0.079551,0.6986,0.4804
9,17,0.00022744,-0.22969,-0.77567,-0.26254,4.7876,-0.61079,-0.14881,-0.9462
9,18,0.001035,-0.31869,-0.33928,0.19571,4.707,0.015413,-1.0618,0.25332
9,19,0.0021756,0.16531,0.1446,0.95411,5.3325,-0.10996,-0.87149,0.81013
10,1,4.1043e-05,0.30974,0.38821,-0.53462,8.1167,1.6558,0.039013,0.74349
10,2,2.5171e-06,-2.184,-1.1182,-2.5603,5.6671,-0.43371,-1.0125,-0.064115
10,3,0.081277,1.5773,-0.14909,-0.41988,4.9016,0.46108,0.50165,-0.58021
10,4,0.00028095,0.92478,-0.92839,-0.24844,6.9848,1.6351,0.03004,0.63807
10,5,1.1426e-05,-1.2417,0.5926,-0.7771,7.4071,0.47494,0.31555,0.12135
10,6,0.025704,0.18421,0.73614,0.94422,4.6944,-0.16977,-1.4454,-1.7605
10,7,6.3943e-06,-1.9913,-2.131,-2.0807,4.9156,0.21701,-1.2652,1.645
10,8,0.00067823,-2.0116,0.0438,0.86536,3.2215,-2.6868,-1.3367,-0.54848
10,9,0.00056591,-0.58737,-0.59354,-1.1085,3.4883,0.020971,-1.7935,-0.77425
10,10,0.0007335,-0.90267,1.5238,0.76644,6.0812,0.32881,-0.022563,0.30633
10,11,0.096309,0.35749,-0.039144,0.4714,4.2716,-0.1908,-1.524,0.099856
10,12,0.019688,0.72005,-1.0639,-0.19807,4.7622,-0.6219,-1.3332,-1.2686
10,13,0.0003313,-1.5366,0.20445,-0.3123,4.66,-1.7014,-0.73401,-0.89143
10,14,0.00070747,-0.87566,-0.308,-1.8019,3.9984,-0.73268,-0.41364,-1.6132
10,15,2.2037e-06,-1.9396,1.299,-0.31783,7.3404,0.39472,0.65171,0.11002
11,1,0.015272,0.80333,-0.24958,1.3111,6.9426,-0.5741,-1.074,0.055562
11,2,0.00056665,-0.49617,1.8474,0.24076,5.7946,0.37045,0.46938,-1.7927
11,3,0.057658,0.3545,-0.49324,0.76261,4.3519,-1.3025,-1.1236,-0.41547
11,4,0.06491,2.1209,0.5303,0.7063,8.4455,1.4656,0.68817,0.22995
11,5,6.1145e-07,-1.8724,-0.43726,-1.5923,6.0789,-0.42595,-0.69535,-0.36737
11,6,0.0015018,0.81795,-0.47714,0.99286,5.1524,0.35802,-0.61709,0.093232
11,7,0.036446,1.2087,0.54313,2.728,5.4406,0.72872,-1.5295,1.1669
11,8,0.11476,0.76675,-1.6833,1.0802,4.3483,-0.74207,-1.6529,1.1124
11,9,0.0019099,1.0884,-0.55098,0.90288,6.1104,-0.24473,0.25771,1.3972
11,10,8.4861e-05,-0.23109,0.94938,0.76331,6.5187,-0.40689,0.81434,0.98925
11,11,4.0714e-05,-0.72633,1.6272,0.34067,6.6948,-0.32545,0.72907,-0.15311
11,12,7.4603e-06,0.055923,1.5438,0.17755,9.2589,2.4428,1.2085,0.091131
11,13,0.00030317,-2.1551,1.9588,0.48967,4.5281,-0.19649,0.31631,0.66699
11,14,0.036495,1.1224,-0.99821,-0.61021,5.1975,0.88709,-0.78309,-0.50764
11,15,0.0034924,0.067229,-0.23069,-0.20815,4.8786,0.00028052,0.18465,0.29324
11,16,0.00080319,-0.3611,0.72885,0.52789,6.2082,0.69896,1.5125,0.52765
11,17,3.1536e-05,0.12971,-0.49028,-0.91391,6.7188,1.1116,-0.275,-0.86561
12,1,2.2304e-05,-1.6717,-1.2578,-1.7143,4.3245,-1.4068,0.5167,-0.49359
12,2,0.00014633,-0.40419,-0.15131,0.33302,4.8107,-1.7379,1.1284,-0.1713
12,3,0.0010881,0.13229,0.45542,-1.0138,5.4517,0.76485,2.0281,-0.35892
12,4,0.0047608,1.4826,-2.2122,-0.41726,6.1013,1.3901,0.15274,1.182
12,5,2.1611e-05,-1.1641,0.13375,0.037017,6.1037,-0.40044,-0.63086,-0.14898
12,6,0.1415,1.0056,-1.6121,-0.48605,3.6252,0.6568,-2.4109,-0.24986
12,7,0.03627,-0.43884,0.3069,0.74917,2.5543,-0.75315,-0.83226,-0.45832
12,8,0.0057913,1.6167,-0.36754,-0.07028,7.1738,2.1919,0.89969,0.32814
12,9,0.00063371,0.10408,-0.74179,-0.91417,5.6959,0.16994,0.32583,0.56034
12,10,0.0016364,0.74886,-0.95936,-0.63988,6.0175,0.46041,0.63067,0.39606
12,11,0.00096069,0.0053261,-0.092584,0.26936,4.5564,-0.33724,0.057537,0.040117
12,12,6.2243e-05,-2.0098,-1.0912,-0.23002,4.0379,-2.8502,-0.92615,0.59161
12,13,0.00016816,-1.0303,1.0273,-0.08171,4.8771,-1.0364,-0.2541,-2.0536
12,14,0.003246,0.16957,-1.2596,-1.1563,4.3849,-0.18641,-0.70899,0.019076
12,15,1.1926e-05,-1.606,1.6552,-0.72446,7.305,-0.29633,1.1213,-0.10978
12,16,0.24241,1.6382,-1.4448,0.23967,4.7084,0.4417,-0.91186,0.18151
12,17,0.00014141,-2.2102,0.98231,0.37937,4.0542,-2.5789,-2.0105,-0.49509
12,18,2.764e-05,-0.282,-0.44691,0.12789,7.5,-0.085372,1.4819,1.82
12,19,6.119e-06,-0.45679,-0.25528,-0.6827,7.8168,2.2377,1.213,1.4472
12,20,1.5256e-05,-1.2884,0.55397,0.73249,6.4581,-1.3114,-1.0784,1.0708
13,1,0.00023444,-0.43402,0.86485,-1.3361,6.2976,-0.46437,0.85695,-2.0462
13,2,0.1107,0.55535,0.30218,-0.4304,4.028,1.4164,0.45935,0.27668
13,3,0.0012794,-1.6339,-0.61914,-1.5591,2.3145,-1.4568,-2.2008,-2.3632
13,4,0.0010798,-0.33888,-0.040371,0.2045,5.1726,0.119,-0.24627,0.37691
13,5,0.010599,1.2927,-0.14076,2.2959,7.036,-0.4208,0.48482,1.7136
13,6,2.9344e-06,-1.894,0.42882,-1.7512,6.5162,-1.4976,0.75354,-0.88614
13,7,0.0098755,0.96257,-0.98344,-0.37667,4.9585,-0.025888,0.49759,-0.27047
13,8,9.8938e-05,-0.8843,0.54023,-0.11106,5.4432,0.19024,-0.40641,0.6808
13,9,0.13594,1.6839,-2.0764,-1.3739,5.3286,1.6152,-1.7044,-0.75762
13,10,0.008731,0.80103,-1.2339,-1.6453,4.2468,0.75334,-1.1701,-1.0844
13,11,9.3105e-05,-0.86326,0.34669,-0.14484,6.2914,-0.029529,0.28772,0.87696
13,12,0.00046423,-0.12221,1.1155,0.83877,5.9634,1.0211,-0.08539,0.85407
13,13,0.00063286,-0.89324,0.67732,-0.31762,4.3255,0.44181,0.28684,0.27928
13,14,1.8583e-05,-0.74496,1.2788,-0.34216,8.0865,0.49723,1.4217,1.1325
13,15,0.01487,-0.093404,0.46036,0.22876,4.7917,-1.3208,-0.3663,-1.1156
13,16,0.000448,0.12167,0.23243,0.11607,6.7123,0.91097,-0.43225,-0.19213
14,1,4.3481e-05,-0.10675,0.28687,-0.21021,7.6576,1.3929,-1.081,0.44508
14,2,7.9238e-05,0.14381,-0.64211,-0.43416,6.5976,0.55054,1.3995,1.6418
14,3,0.0010504,-0.1114,0.48712,-0.68908,5.3324,-0.10043,0.092827,-1.846
14,4,1.965e-05,-1.3791,-1.1729,-1.1152,6.3708,-0.72428,-0.035848,0.39167
14,5,0.0015363,0.12557,-0.52184,-1.0245,4.0142,-0.91577,-1.2473,-1.0081
14,6,2.6417e-05,-0.63302,-1.7273,-0.86707,5.673,-0.76077,-1.6715,-0.51839
14,7,0.0083511,0.83761,0.76418,0.16337,6.1041,1.2767,1.0744,0.22517
14,8,0.0010829,-0.90268,-0.24234,0.61843,4.0186,-1.1526,-1.9369,0.4783
14,9,2.6725e-05,-1.7577,-0.16987,0.69366,5.8376,-1.331,-0.7065,0.49346
14,10,0.0083647,-0.35461,-0.78028,0.061841,4.2163,-0.41927,-2.1974,0.30523
14,11,0.045095,1.2237,-0.014083,3.2315,7.479,0.55984,-1.08,1.9045
14,12,0.001084,-0.6025,1.5987,-0.045649,4.7731,-0.65377,0.053982,-0.48487
14,13,0.037655,0.38855,-1.3247,-1.2445,3.8622,0.12328,-1.1246,-1.0893
14,14,2.7142e-05,-2.0065,-0.12615,-1.101,4.3173,-1.2445,0.058399,0.20958
14,15,6.9125e-05,-0.36208,-0.8135,0.24798,6.7888,-0.77864,-0.58945,0.02255
14,16,9.7605e-05,-0.49887,0.70431,-0.63831,6.1571,-0.55532,0.75893,-0.19808
14,17,0.096856,1.7313,-0.54341,-0.56805,6.875,0.29602,1.1591,-0.45296
14,18,0.018007,-0.53921,-0.41565,0.27539,2.9441,-1.3204,-1.3025,-1.4583
14,19,0.00022786,-0.44659,0.026721,-0.84983,5.0668,-0.62728,0.84671,-0.92394
14,20,1.4512e-05,-0.23776,-0.84387,-2.0908,6.1548,0.91443,-0.70198,-1.2425
14,21,0.00079056,1.0164,-0.83476,0.28243,6.1196,1.3667,0.030564,0.82041
14,22,0.033382,-0.27302,1.0787,1.1083,4.4661,-0.40902,-1.2847,-0.42673
15,1,5.9408e-06,-2.7245,-0.54211,-1.1495,4.9878,-1.8743,-0.98233,0.56208
15,2,0.00023074,-0.36352,0.30627,-1.13,5.0039,-1.0705,1.2019,-0.80433
15,3,4.3667e-05,-0.61127,-0.3134,-1.1059,5.7899,0.26079,1.3385,-0.40288
15,4,0.20701,1.3365,-2.2148,-0.19967,3.6263,-0.46132,-1.6294,-1.4232
15,5,0.00039279,0.34411,-1.4478,-1.4193,4.8884,0.4727,-0.11631,0.2017
15,6,0.013437,0.62319,-0.69681,0.62161,5.8327,-1.6923,-0.91497,-0.86099
15,7,9.2209e-06,-0.93064,1.2103,0.40327,7.2659,0.44163,-0.40895,-0.18319
15,8,0.00020297,-0.046858,-1.1274,-1.0954,5.3523,0.78796,-0.58668,-0.28763
15,9,0.034071,2.3079,0.50898,2.6822,10,2.2667,1.7195,3.2726
15,10,4.6011e-05,-0.37367,-0.012806,-0.36411,7.4384,0.10773,0.5234,0.2217
15,11,0.00038501,-0.54421,0.95304,0.27922,6.0348,-0.0054929,1.086,0.98605
15,12,0.00045655,-0.72145,0.21261,0.75768,4.5809,-1.6812,0.8114,0.92008
15,13,0.0046725,1.2683,-0.3787,-1.2244,5.7853,2.3366,0.19746,-1.0295
15,14,0.00012406,-0.46184,-0.29216,-2.2921,5.5717,-0.28303,-0.72341,-0.78242
15,15,0.00051568,-1.3772,2.0251,-0.20328,4.8269,-1.7038,1.0137,-1.5433
15,16,4.0327e-05,-1.0316,1.2458,0.06625,6.6009,-0.69708,0.91466,0.22874
15,17,0.030808,1.8084,0.91156,0.69799,7.5,1.9003,1.1596,0.46375
15,18,6.2626e-05,-0.62376,-1.4711,-0.15447,5.395,-1.8207,1.2261,1.4387
15,19,0.022092,0.66853,1.9414,0.10257,5.4411,1.1949,0.886,-0.60573
15,20,2.334e-05,-0.17161,0.41392,-0.20271,7.2976,1.8255,-0.71413,0.68942
15,21,0.004643,-0.38293,-1.3924,-0.90158,3.8281,-0.62477,-0.46013,-0.78896
15,22,0.0021779,-0.43504,-1.0025,-0.2464,3.4272,-0.72255,-2.7313,-1.1009
16,1,0.027342,0.68272,0.083931,0.91847,5.9062,-0.21959,-0.61509,0.4276
16,2,0.0059056,0.75037,1.4078,0.54802,5.6384,0.96991,0.15012,-0.4715
16,3,0.00055737,-0.56865,1.2997,-0.66682,5.5485,1.0635,0.98614,-0.45599
16,4,8.4556e-05,-0.27973,0.72309,0.70563,6.5548,1.1495,-0.037243,0.88205
16,5,0.0011817,-0.44414,0.90461,-0.60189,5.1706,-0.56292,1.0494,-0.25624
16,6,0.0084798,0.67099,1.8915,-0.010423,6.5871,1.4344,1.9968,-1.0657
16,7,0.0051719,0.23566,-0.48241,0.53846,5.193,1.8417,-1.0128,1.4901
16,8,0.00016638,-0.33133,0.097052,-0.31365,5.4584,-0.017579,1.1655,0.75169
16,9,0.0097418,0.5408,-0.12805,-0.20826,5.0206,-2.3069,0.30173,-1.973
16,10,0.0058542,-0.85792,-0.02793,0.75802,3.7482,-1.2766,-0.22041,1.2408
16,11,0.0018159,-0.16727,-1.1416,-0.74584,4.3089,-0.13682,-0.85382,-0.93058
16,12,1.0389e-05,-1.3378,-1.236,-2.5874,6.054,0.42725,0.68168,-0.076104
16,13,0.0024004,-0.24805,-0.18501,-0.72178,4.8847,-0.77867,0.34267,-0.87717
16,14,0.097465,1.4233,0.80946,2.5909,7.2486,-0.41331,0.40571,0.08979
16,15,0.00059482,-0.73053,-0.71082,0.7981,5.0611,-1.6338,-1.2714,0.54923
16,16,7.1852e-05,-1.5035,-0.55225,-1.6569,4.5177,-1.59,-0.49189,-1.3915
16,17,0.017029,0.020851,0.76145,0.38047,4.1393,1.2084,0.72157,0.19008
16,18,0.00013939,0.091289,1.6398,0.74805,7.5626,0.90992,0.21659,0.74469
16,19,0.037058,0.28872,-0.30539,1.615,4.8651,-0.64549,-0.7502,1.5194
17,1,0.005573,-0.063188,1.1279,1.5339,4.861,0.081523,0.35641,1.0965
17,2,0.0083223,0.082801,1.0181,0.7571,5.2031,0.26214,-0.43346,-0.35959
17,3,0.019525,1.4884,0.93891,1.4615,6.0457,0.60588,-0.36237,0.066098
17,4,0.0032858,0.64362,-0.81053,0.44076,4.9131,-0.49798,-1.9919,-0.25958
17,5,0.074869,2.303,-3.0201,0.85995,7.5,1.3545,-0.8793,1.1329
17,6,2.6284e-05,-2.5326,0.1666,-1.7823,3.0508,-0.62817,-0.43862,-0.29255
17,7,0.0011973,1.0948,0.74527,-0.36008,8.1156,0.53954,2.4255,0.46904
17,8,0.032175,-0.78242,0.53062,-0.43016,2.6826,-1.7684,0.30102,-1.8983
17,9,1.3525e-05,-1.7747,2.1622,-0.42976,6.4029,-0.33027,0.43983,0.26106
17,10,0.0027829,-1.1966,-0.27171,0.10615,3.0691,-1.5799,-0.70536,0.26883
17,11,8.4469e-05,0.88324,0.061893,0.22095,9.32,1.6088,1.4552,1.6395
17,12,0.334,1.204,-1.4559,-0.73897,2.8888,0.60243,-0.93051,-0.28306
17,13,7.7813e-05,-0.98073,0.96268,0.11925,5.8424,-0.33259,0.75616,-0.34981
17,14,0.018952,1.7992,-0.4614,1.9295,6.6635,0.57893,0.011134,1.4741
17,15,5.464e-05,-0.28336,-0.78494,-0.47741,6.2157,-0.13644,0.082154,0.74085
17,16,0.00068029,0.66954,-0.7917,-1.2252,6.3125,0.17172,0.38532,-1.0116
17,17,0.00018759,0.77324,-0.96076,0.70042,7.5,0.38221,-0.29097,1.5269
17,18,3.2494e-05,-0.25625,-1.0517,-0.073827,6.0877,-0.11498,-0.66362,0.019037
17,19,1.0277e-05,-0.11092,-1.2213,0.19262,7.602,0.60322,-0.56816,1.1573
18,1,3.7339e-05,-0.91628,0.46345,-0.567,5.0344,-0.71795,0.40664,-1.7574
18,2,0.32375,2.1793,-1.0728,0.29709,5.2766,1.0342,-0.13032,-0.46867
18,3,1.9018e-05,1.4458,0.22584,-0.72943,7.8014,1.5258,0.84611,-0.075945
18,4,3.6676e-05,-0.35248,0.5594,0.32026,6.8358,0.68935,-0.31808,0.69442
18,5,9.4576e-06,-0.27148,1.0157,0.55243,7.4136,0.42856,0.40283,0.30168
18,6,0.0027231,0.71362,1.3846,1.5611,6.2726,0.69267,1.7792,0.17025
18,7,0.006747,0.99132,-1.4777,0.15646,5.0106,-0.56606,-0.24821,0.69508
18,8,0.029942,1.4085,-0.3743,0.97171,4.4958,-0.14085,-1.4091,0.44558
18,9,1.7653e-05,-0.059952,0.66125,-0.22745,7.6639,1.5119,1.9425,1.0847
18,10,9.0002e-05,-0.38439,-0.78001,-1.8528,5.2775,0.95599,0.67184,-0.44042
18,11,0.0010184,1.0873,-2.7638,-2.1988,6.0335,1.3449,-0.33599,-0.92696
18,12,0.00053589,-0.58225,1.0916,0.25484,4.8503,-0.027931,0.28427,0.34149
18,13,0.002998,0.20697,2.2566,1.2014,5.304,-0.19806,0.59862,-0.69379
18,14,0.00038276,-1.3078,-0.62199,-0.43063,3.4547,-1.6317,-2.2383,-0.90049
18,15,0.00020997,0.01898,0.91431,-0.59601,5.3712,0.21906,2.1934,-0.32881
18,16,0.19871,2.4057,-1.5536,2.1945,5.5928,0.87017,-2.3055,1.0883
18,17,0.0002109,0.71291,-0.0061353,0.87142,6.3048,1.6273,0.020261,1.852
18,18,0.0014176,0.44013,0.67426,0.82777,4.2237,1.2414,-1.6136,-0.31627
18,19,1.7785e-05,-0.22663,-2.2452,-4.1673,4.9667,0.43655,-0.039981,-2.3658
18,20,0.010627,2.5812,-0.71709,1.9366,7.4064,0.72734,1.1045,0.39949
19,1,5.1206e-05,-0.49891,-1.0483,-1.4175,6.2309,0.299,0.47729,0.39807
19,2,0.00402,-0.73801,0.64152,-0.69865,4.315,-1.4618,0.41145,-0.55974
19,3,0.0052285,0.16844,-1.3334,0.33128,5.1166,0.11952,-1.1285,0.5972
19,4,0.0049169,0.61193,-1.8639,-1.2419,5.1181,0.46442,-2.144,-0.28203
19,5,0.00038078,-1.1302,-0.10755,-1.7518,6.2136,-0.75775,1.4463,-0.98404
19,6,0.069055,0.9087,0.98723,0.20882,6.4618,1.103,0.44753,-0.1386
19,7,2.6247e-05,-0.60558,0.28789,0.42273,5.9569,-0.49276,-1.0393,0.90294
19,8,0.00052423,-0.9568,0.58298,-0.70605,4.6926,-0.32136,-1.4635,-1.1462
19,9,9.5564e-05,-0.7076,-1.2177,-1.396,4.63,-1.1307,-0.61505,-0.98368
19,10,0.0011249,0.013659,-0.071419,-1.4281,5.1506,1.5173,0.51354,-0.32995
19,11,0.001031,0.12582,-0.50076,0.91446,7.3085,0.74904,-0.64812,1.7576
19,12,0.0041436,0.28862,1.5982,1.2858,7.2221,0.79519,1.0221,0.33103
19,13,2.1691e-05,-0.86399,0.90254,-0.11647,7.1889,0.93335,1.215,0.7977
19,14,0.00077854,0.11954,-0.48179,-0.61482,6.7911,-0.32179,-0.64581,0.26031
19,15,1.7731e-05,-1.0499,-0.14598,-1.054,7.7112,0.86988,1.4903,1.8348
19,16,0.0001949,-1.028,0.70504,0.093019,6.1279,0.51827,1.4439,1.4073
19,17,0.0015181,0.16179,1.4121,0.16685,6.6609,1.2441,1.4875,0.027057
19,18,0.0095257,0.61406,0.18324,-0.12647,6.0143,-0.4336,-0.21635,-0.55288
19,19,6.2322e-05,-0.13681,-0.50098,-1.3158,8.0942,1.037,0.22752,0.38989
19,20,0.016582,0.86137,0.56069,0.5071,5.625,0.033519,0.23967,0.069503
20,1,0.00064717,-1.6692,-0.61862,-2.6689,3.5036,-0.44225,-0.91391,-0.31059
20,2,0.00080285,-0.72667,1.862,1.3946,5.5292,0.5701,-0.036247,-0.036514
20,3,1.0669e-05,0.3105,0.12434,-0.79934,7.2782,1.8909,1.0033,0.92585
20,4,0.0085917,0.7796,-0.77798,-0.35723,4.1061,0.49229,-0.03704,-1.0402
20,5,8.5035e-05,-0.95325,-0.42783,-0.42824,5.2558,-0.99618,0.31126,-0.39595
20,6,0.0019991,0.081031,-0.39826,0.55431,4.0176,-1.8172,-0.13322,-0.53955
20,7,0.026475,1.9045,-0.47825,-0.91598,6.1832,-0.18251,-0.0022646,-2.2937
20,8,0.00013234,-0.50206,-0.46009,-1.465,5.1934,0.35767,0.17435,-0.4713
20,9,0.0026975,0.83852,0.093719,0.82618,6.0091,0.46607,-0.26831,0.3353
20,10,0.00029836,-0.80295,0.62954,1.0846,5.1424,-0.18207,-1.1704,1.1075
20,11,3.5255e-05,-1.9437,1.6711,-0.1575,5.9074,-1.4321,1.3346,-0.76863
20,12,0.00025376,-1.2547,-0.018074,-0.26645,5.155,-1.8008,0.27807,-1.093
20,13,0.00031787,-0.73193,-0.40119,-0.70152,3.8001,0.162,-1.4256,-0.89963
20,14,0.0004042,-0.23453,1.1514,0.95299,5.6258,1.2815,0.057231,0.50867
20,15,0.0023776,0.74305,0.19572,0.98736,6.5087,-0.003868,1.5325,1.5971
20,16,0.15489,2.6734,-0.44285,0.55984,5.4128,0.23842,0.85513,-0.3497
20,17,2.3324e-06,-0.92021,0.10509,-0.34664,6.8118,0.7534,-1.1759,0.093545
20,18,0.0048094,1.0645,0.64746,0.023597,5.5941,0.83623,1.1662,-0.24676
20,19,5.8086e-05,-0.6325,1.4826,0.58346,6.1272,0.54897,0.61156,0.33813
20,20,0.00070733,1.0328,-0.23948,1.0916,7.0514,0.92147,-0.78182,0.30553
20,21,0.28834,1.9478,0.086799,0.48036,5.1966,0.95876,-0.39916,-1.2206
21,1,0.0033201,-0.10313,-0.42221,0.42367,4.6143,-0.36596,0.096759,-0.42817
21,2,0.00022417,-0.12821,-0.014015,0.12193,5.2298,-1.175,-0.77155,-0.24592
21,3,0.0012316,-0.2584,-0.75546,-0.5494,3.9064,-0.83204,-0.95075,0.014666
21,4,0.005183,0.43149,0.27748,-0.29843,5.3951,-0.1974,0.92764,-0.49412
21,5,0.00010007,-0.77734,1.6425,0.58733,5.8665,0.11666,-0.026767,-0.93855
21,6,0.0054638,-0.080276,-1.1306,-2.7429,3.7278,1.0776,-0.46436,-1.0068
21,7,0.00038563,0.66237,0.41407,-0.62748,6.2817,1.8535,0.4832,-0.52025
21,8,0.00042068,-0.39979,-0.31092,-0.40657,6.1873,0.052988,0.72706,0.32296
21,9,0.00064238,-0.77798,0.48575,0.12833,5.43,-0.019618,0.079459,0.069754
21,10,0.18406,1.0111,0.32197,0.87068,4.6748,1.062,-1.38,-0.50861
21,11,5.7532e-05,-1.8922,-0.047703,0.68185,4.5074,-2.0382,-1.0916,0.61029
21,12,0.0001608,0.095583,-0.94246,-0.33635,6.9714,0.23228,1.233,1.8664
21,13,0.00022722,-0.32144,1.436,0.096324,6.0026,0.16771,1.624,-0.4681
21,14,0.00037109,-0.25746,-0.35145,0.37428,5.4349,-0.27026,-1.4589,0.25498
21,15,0.0014455,-1.073,0.16593,-1.3563,4.2162,-1.3471,-0.5495,-1.6594
21,16,0.0013453,0.31754,-0.84951,-1.03,5.7089,-0.075899,0.36032,-0.68275
21,17,0.035058,-0.20183,0.22474,0.62561,3.7352,-0.67289,-0.0041887,-0.74167
21,18,0.0005786,-0.54594,0.67706,-0.33798,5,0.55701,0.014386,-0.0004184
22,1,0.00029562,-1.7238,1.5377,1.4481,4.466,-1.6621,-0.8611,0.39392
22,2,4.6489e-05,-0.44997,0.12356,-1.0339,5.7489,0.60514,0.43534,0.22131
22,3,0.00049887,0.75565,-0.44377,0.74204,6.027,-1.6556,-0.11029,-0.54293
22,4,0.0035707,2.0627,0.19472,0.39555,7.9622,1.3418,0.92503,-0.16067
22,5,0.022463,0.72514,0.79157,1.9898,5.3944,0.46495,-0.73279,1.1381
22,6,0.0026806,0.68676,0.65486,0.71567,5.4366,-0.59099,0.39315,-0.1373
22,7,0.0092662,0.81423,-0.12229,0.098587,5.4694,-0.2076,-0.12335,0.51969
22,8,0.00020324,-0.05167,-0.94688,-0.01728,4.9659,-0.5901,-1.5686,-0.24757
22,9,0.002703,0.11952,-0.72174,0.39011,4.3167,-0.67498,-0.013944,0.43032
22,10,0.26045,2.6591,0.2018,0.62727,5.6384,1.3726,1.5266,0.095255
22,11,0.017752,1.4961,1.1594,0.44045,5.9513,-0.90182,1.2792,-0.49877
22,12,0.00078766,-1.2862,1.6844,1.1691,3.8233,-0.88888,0.1075,-0.54054
22,13,1.9842e-05,-1.7357,0.40657,-0.49184,5.2001,-0.37851,-0.10756,0.089175
22,14,0.015311,1.4957,-1.2566,2.5795,5.5772,-0.55461,-1.9362,0.94372
22,15,0.0024936,2.1116,-1.2189,-0.10304,7.5,2.2461,1.0334,0.84283
22,16,0.0078324,1.1128,-0.23456,1.6659,6.2476,-0.34736,-0.32084,0.79672
22,17,0.0088616,0.71864,-0.078289,1.6674,4.4493,-0.55195,-0.66384,0.50413
22,18,0.0039574,0.14521,-0.97515,0.43673,4.6803,-0.1121,-1.5805,-0.2106
23,1,5.9138e-05,-1.0894,-0.40465,-0.99432,5.5522,0.25312,-0.016096,-0.12488
23,2,0.00025368,-0.67055,-1.0471,-1.5952,5.1152,1.0629,-0.37122,0.90348
23,3,0.00027964,-1.4619,-0.0027824,-1.1312,2.7613,-0.60312,-0.5744,-0.85034
23,4,4.8433e-06,0.53751,-0.19124,-0.70099,8.0134,-0.50464,2.3857,0.43921
23,5,1.3014e-06,-0.065646,-0.43165,-1.3506,9.063,0.79943,0.70499,-0.24587
23,6,0.22482,1.9822,-2.0881,-0.30329,5.3907,0.41976,-1.3434,-1.0276
23,7,0.026521,0.67407,-0.1807,0.41848,5.0638,0.98603,0.45046,0.74362
23,8,0.002169,1.7415,-1.6926,-0.31793,6.6799,-0.36604,0.21749,-0.91011
23,9,0.00017057,-0.11087,0.58186,0.43834,6.4094,0.064046,-0.58131,0.3601
23,10,0.00091435,0.36089,-0.44145,-0.85768,5.139,1.4039,-0.55092,-0.2318
23,11,0.030326,-1.4817,1.3629,-0.10827,1.6743,-1.7694,-0.87746,-2.3063
23,12,0.077695,1.2467,1.5836,1.3981,4.6942,-0.40774,1.5452,-0.81669
23,13,0.0071803,0.5659,-1.5342,0.15042,5.0962,0.88244,-1.6668,0.27935
23,14,0.004605,0.90863,-0.21293,1.6959,6.2221,0.0032192,-0.48145,1.3792
23,15,0.0060121,0.28205,-1.0452,-0.19975,3.926,-1.6923,-0.10237,-0.40629
23,16,0.011515,0.90566,1.1459,0.53499,6.0937,1.113,1.6682,0.41763
24,1,0.02967,1.4535,-1.4118,-0.82884,4.9025,-0.35952,-0.77537,0.16982
24,2,0.028186,-0.56229,-0.93775,-1.3705,3.2028,-1.2799,-1.7379,-1.4658
24,3,0.00033945,0.039653,0.21991,-0.17181,5.8627,-0.3813,-0.066136,-0.81247
24,4,0.0016803,-0.63108,0.68003,0.83606,6.0401,0.58616,0.027386,1.1297
24,5,2.7294e-06,-0.8307,-0.3232,-0.56387,7.7279,-0.49225,0.45608,0.70861
24,6,0.02265,0.13035,0.99511,0.64543,3.9117,-1.3539,0.79991,-0.3956
24,7,0.030758,0.33352,-2.5101,-0.72703,2.7989,-1.1767,-1.2987,-0.30326
24,8,0.023945,0.25472,0.88583,1.3615,6.019,-0.60004,0.17473,0.11787
24,9,0.0028598,0.32943,0.24105,0.50844,7.1189,0.51555,-0.054386,1.1378
24,10,0.0046867,0.99596,0.56475,1.4989,6.3122,1.189,0.26712,0.59693
24,11,0.055113,2.0791,0.10846,1.1376,7.7915,2.5693,0.57107,0.80437
24,12,1.7376e-06,-1.4692,1.4565,-0.080794,7.686,-0.38376,1.9915,1.6741
24,13,0.013101,1.5555,1.8558,0.68822,8.5417,1.1383,1.8133,-0.24896
24,14,0.00061162,-0.31975,-0.93071,0.2608,5.3804,-0.024855,-1.724,0.59619
24,15,0.00042866,-0.47975,0.82209,0.02469,5.3669,0.52799,-1.2834,0.57587
25,1,1.3913e-05,0.17379,-0.20143,-0.75125,7.1368,0.26213,1.093,0.60724
25,2,4.9057e-06,-2.0949,0.59238,-1.3081,5.2947,-0.45314,1.2635,0.52735
25,3,0.013033,1.4514,-1.394,0.16365,4.7683,0.68376,-0.74431,-0.16053
25,4,9.1203e-05,-0.41965,-0.66734,-0.042835,6.5105,-1.0005,-0.502,1.02
25,5,1.0841e-05,-0.24752,0.06131,-0.066742,6.8509,1.3932,0.014194,-0.50431
25,6,1.3514e-06,-1.7784,0.59548,1.3383,5.9078,-0.87959,0.69538,0.84465
25,7,0.00034197,-1.2016,0.59678,-0.030282,4.9793,-0.27086,-1.2788,0.021845
25,8,0.044721,1.5711,0.45859,0.31807,4.5444,0.7936,0.31491,-1.482
25,9,0.00095026,1.1749,0.52606,0.17352,5.8934,1.1208,-0.23468,-0.24312
25,10,3.896e-06,-1.8796,1.3951,-0.6612,6.6329,-0.54473,0.90303,-0.48217
25,11,0.00021691,0.27633,0.21063,-1.4039,5.4562,1.1552,1.0952,-1.1876
25,12,0.29929,1.6359,2.2621,0.68938,5.4598,2.1219,1.3214,-1.9866
25,13,0.23528,1.7334,-2.3579,-1.9642,3.3521,0.86766,-2.0636,-2.3962
25,14,0.0011138,0.49992,0.59788,-0.051401,4.7281,0.66075,0.80714,-0.15568
25,15,0.0054509,-0.74862,-0.40474,-0.44632,2.8435,-1.3748,-1.8681,-1.2021
25,16,0.0016245,0.23238,1.6837,0.92823,5.3707,-1.0464,0.89119,-1.7431
25,17,8.0617e-05,-0.94177,-0.40171,0.52518,4.0482,-1.0503,-1.2115,0.12385
25,18,4.0061e-06,-0.64398,-0.11536,0.74221,8.1506,-1.0872,0.39849,1.3499
25,19,0.0024879,0.89384,-0.57382,-0.20777,5,0.55344,0.17992,-0.48392
26,1,0.012762,1.5217,-0.019534,-1.3497,5.4847,0.76552,-0.13461,-2.8108
26,2,0.00097806,0.20497,0.15929,-0.50263,5.2659,0.85449,-0.21944,0.064199
26,3,8.1222e-06,-2.1921,1.2689,-1.3564,4.944,-0.9982,0.63838,-0.18175
26,4,0.0083778,1.1114,-0.81221,-0.83742,5.0102,-0.6993,0.090835,-1.4078
26,5,5.6634e-05,-0.20273,0.56774,0.068564,7.046,0.56058,1.0624,0.90972
26,6,0.011468,0.96473,-1.0277,0.23641,4.5301,-0.63855,-1.0092,-1.2672
26,7,9.8086e-06,-1.0656,-0.24005,-0.22799,6.7093,-0.11471,-0.35539,0.75026
26,8,2.7477e-05,0.024682,0.22498,0.36806,7.1325,0.047748,0.9013,0.91234
26,9,0.00043168,-0.29438,2.0542,1.8207,6.8162,0.18088,-0.10644,0.064386
26,10,0.00014193,-0.3419,0.84908,0.25534,6.4177,-1.142,1.1565,0.092034
26,11,0.0011396,0.6738,-1.2329,0.62933,5.1779,-0.16938,-0.41363,0.43791
26,12,0.0064716,-0.46208,1.2381,-0.2765,3.8375,-0.42635,0.25088,-1.2956
26,13,0.00019759,-0.50962,0.74008,-1.6091,5.3871,-0.89663,0.49573,-2.1175
26,14,0.036203,0.18985,-1.1489,-0.66469,3.3892,-0.5671,-1.1538,-1.6066
26,15,0.0073861,1.207,-1.1499,0.27312,6.9686,0.52154,-0.64772,-0.18677
26,16,0.00021204,0.12016,0.080226,0.48863,7.139,1.7413,0.31631,1.8928
26,17,0.00018084,-0.3282,0.64999,0.91667,6.9781,-0.67957,0.92898,0.86746
26,18,0.23847,1.0511,0.12564,2.6277,4.4389,-0.64821,-2.6811,-0.44855
26,19,0.051448,1.7415,0.43301,0.95405,5.9392,1.8716,0.78355,0.88119
26,20,0.0011561,0.66031,2.2476,0.87979,7.5941,1.4986,1.5096,0.013463
26,21,3.5429e-05,-0.43496,0.34644,-0.25319,7.1442,0.34065,-0.12185,1.219
26,22,8.3994e-05,-1.1389,0.24351,-0.6299,5.1988,-1.3132,-0.14022,0.12062
26,23,0.0084347,-1.1054,1.3958,0.39828,3.8008,-1.9872,-0.0037122,-0.63303
27,1,0.0031709,1.016,-0.34312,0.080109,5.8641,-0.12261,0.3191,-0.24311
27,2,0.00018561,-1.4568,0.76948,0.13908,4.4576,-0.51971,-1.515,-0.35928
27,3,0.23522,0.55977,-0.43292,1.6686,2.6958,-1.7133,-1.5311,0.39899
27,4,0.00010169,-0.54239,0.9721,0.025478,5.9475,1.0096,-0.042095,0.50365
27,5,0.0020981,-1.14,1.7368,0.37144,3.7846,-1.3788,0.28969,-1.097
27,6,3.5288e-05,-0.52295,-0.7266,-1.8199,5.2724,0.76569,-0.28379,-1.3265
27,7,0.15326,0.21861,0.92943,-0.03627,2.739,-1.1177,0.21032,-1.5682
27,8,0.0027495,0.9555,-0.76262,-0.046879,7.1202,1.6344,-0.54447,-0.28085
27,9,9.5922e-05,-0.9319,0.32137,-0.5376,5.9499,-0.49075,-0.1323,-0.85783
27,10,0.0037684,0.68949,0.78275,0.61585,7.5889,1.2488,-0.5274,-0.29549
27,11,0.018469,2.1111,-2.1771,-1.432,7.2319,0.29,0.56471,-0.9939
27,12,9.3165e-05,-0.86304,0.68986,0.58773,6.9825,-0.36153,0.77089,-0.17113
27,13,0.00015122,-0.21134,0.020989,0.42397,5.7752,-0.6501,0.20085,0.56372
27,14,0.093203,-0.60382,-0.25462,-0.59231,1.8666,-1.3975,-0.99186,-1.3194
27,15,0.00068348,0.91232,-0.51832,-0.38547,7.5,0.67559,-1.4687,-0.81966
28,1,0.0013077,-1.435,0.82434,0.76788,3.4057,-1.5457,-0.77883,0.026075
28,2,3.6997e-05,0.45826,0.50436,-1.0581,6.9265,0.25549,1.2363,-0.56148
28,3,1.3368e-05,-0.047869,0.044362,-0.25978,7.1224,1.3524,-0.7579,-0.44286
28,4,0.30297,1.5206,1.2219,2.5125,5.1797,-0.015997,-1.4105,-1.3075
28,5,0.00096162,-0.0058161,0.015563,0.38147,4.3163,-1.1727,-0.080839,-0.29226
28,6,0.0010577,0.13258,0.82767,0.91433,6.2429,0.5673,1.1335,0.44082
28,7,0.0028569,0.87409,-1.2471,1.1748,5.2736,0.27011,-0.9193,1.7598
28,8,0.00050199,0.28108,1.0015,0.12546,5.6084,1.9142,1.0598,0.71474
28,9,0.10203,1.9672,-1.3669,0.06739,5.8675,1.302,0.4457,-0.78022
28,10,0.00017593,-0.28491,-0.67884,0.11306,5.3133,0.35124,-0.43221,1.3495
28,11,1.8653e-05,-0.39468,0.15482,-0.29655,6.2518,0.95645,-0.28587,0.25947
28,12,0.001583,-0.11742,-0.28145,2.4397,5.24,-1.4439,-1.1655,0.7493
28,13,0.00916,0.17051,0.32611,0.46559,4.2499,1.4108,-0.63112,0.010267
28,14,0.045028,-0.35066,0.81307,1.9978,2.9535,-1.7147,-0.28539,-0.22782
28,15,4.8316e-05,0.83906,-0.99505,-0.70652,6.7412,0.64135,-0.19036,0.14754
28,16,0.0003727,0.38137,1.1813,1.8654,6.875,0.7478,1.9419,0.36445
28,17,9.2506e-06,-1.2319,1.0235,-0.58246,6.3495,-0.16865,0.32955,-0.42512
29,1,4.5518e-05,-0.50837,0.11824,-0.27639,6.606,0.0096717,-0.74713,0.55623
29,2,0.0035741,0.81203,0.27292,0.68044,6.299,0.68753,0.78852,0.21659
29,3,0.00080207,0.29217,-1.3477,-0.21706,5.3912,0.30521,0.15111,0.86581
29,4,4.9649e-05,-1.1089,-0.21986,-0.86425,5.3801,0.42226,-0.38798,-0.042425
29,5,0.026221,1.3055,-0.96652,0.077182,6.4876,-0.022224,0.59499,0.015504
29,6,0.019187,-0.40147,-1.7832,-1.9793,2.1983,-0.62421,-0.83908,-1.6508
29,7,0.093376,0.47929,0.26556,0.47809,3.58,0.41822,-2.2789,-1.1713
29,8,0.00023164,-0.84891,0.38772,0.039076,6.4326,-0.48274,0.57604,1.9573
29,9,0.0023997,0.71679,0.54234,0.82822,6.298,-0.40238,1.5056,0.78744
29,10,0.00039531,-0.29094,0.31618,0.24673,5.8383,-0.041828,0.2983,0.12921
29,11,0.081588,1.9619,-0.05919,1.1344,7.2533,0.98124,0.56488,1.3245
29,12,0.00090153,0.55554,0.50261,0.29336,6.2183,2.1037,1.0254,0.45328
29,13,0.00010713,-0.8023,0.63287,-0.7693,6.4539,-1.1965,1.1593,-0.15458
29,14,8.3089e-05,-0.73336,0.12591,-0.56477,5.3977,0.92158,-1.6029,0.16053
29,15,0.00021437,-0.28511,-0.59791,-0.74173,5.3704,-0.39571,-0.97142,0.45262
29,16,0.00032321,-0.72473,0.089872,-0.66489,4.6557,0.63371,0.099321,0.2531
29,17,0.00041311,-1.0879,-0.52744,-1.7617,4.6812,-0.66174,0.61444,-0.35431
29,18,0.00057112,-0.55956,-0.017891,-0.98463,4.2019,0.030772,-0.66046,-0.60275
29,19,0.0019368,-0.28527,1.0671,-0.35028,4.0204,-0.60774,0.39326,-0.99384
29,20,2.8112e-06,-0.9461,1.3112,-0.38818,6.7645,0.17324,0.81559,-0.61926
29,21,4.2444e-05,-0.5822,0.98688,-0.55049,6.6124,0.41753,0.89176,-0.032558
29,22,0.0005719,-0.64256,0.041988,-0.69641,4.3042,-0.99588,0.093208,-1.1549
29,23,0.0010268,-0.22043,1.2638,-0.2735,5.81,0.84246,1.4244,0.38987
29,24,0.0070705,0.78223,1.1357,1.0176,6.875,-0.23396,1.0343,0.74048
29,25,0.00034673,-0.072821,-0.11927,-0.46453,5.8973,0.19766,-0.40874,0.38923
30,1,0.00019785,-0.050929,0.21925,0.10082,6.2396,-0.34751,0.18321,-0.38086
30,2,0.0022427,0.28614,0.87131,0.356,6.1029,-0.66177,1.0016,-0.19838
30,3,0.30783,1.5069,-0.95241,-1.1403,4.0082,0.89256,-0.43653,-1.2246
30,4,0.00034965,-0.45771,0.48591,2.5425,6.693,-0.038585,-1.1937,2.0938
30,5,3.0503e-05,0.016358,0.30583,0.19352,7.8614,1.6603,1.7464,1.2464
30,6,0.00039474,-1.2476,-0.46352,-1.548,4.3391,-1.0516,0.18442,-0.20943
30,7,7.4752e-06,-1.1689,0.61377,-0.2961,5.8062,0.18396,-0.63523,0.67629
30,8,4.2592e-06,-1.8414,-0.035772,-0.069891,5.9878,-1.261,-0.11684,1.3019
30,9,0.0053461,0.95818,-0.79113,0.017134,5.7047,0.0038971,-0.45194,-0.27787
30,10,0.0079624,0.77558,-1.1089,0.23375,5.764,1.0695,-1.3644,0.54039
30,11,0.00081355,0.15527,-0.70253,-1.5183,5.3046,0.40942,-0.77739,-1.743
30,12,0.0094726,0.7192,-0.31755,0.08899,5.8033,-0.36485,-0.33206,-1.4282
30,13,0.023922,0.96012,0.12424,1.2767,6.0417,0.76447,-0.35427,-0.087139
30,14,0.00029528,-0.021127,0.76579,-0.84324,5.7628,1.8836,0.73968,-1.0179
30,15,0.027196,0.53306,0.51051,-0.3402,3.8416,-0.32377,-0.18051,-2.367
30,16,0.0025049,0.7541,-1.5371,-0.40404,5.5729,0.61607,-0.45063,-0.46835
30,17,0.00020379,0.16139,0.37833,-1.0885,6.2374,0.748,0.2807,-1.6477
31,1,0.00062555,0.42744,-0.4628,0.48298,6.5324,1.0115,0.32299,1.178
31,2,0.12036,0.26381,-1.1038,-0.18574,1.6374,-0.92397,-1.6954,-1.8969
31,3,0.10595,1.8068,-0.48788,0.6214,6.6377,1.6166,-0.28959,0.70932
31,4,0.010656,0.053407,0.45652,0.33564,4.338,-1.2452,-0.63796,-1.2418
31,5,0.001289,0.29662,0.28737,-0.7141,5.773,0.32459,1.0201,-1.3726
31,6,0.035257,1.4766,-0.87682,1.26,4.4021,0.26506,-0.60011,-0.0093775
31,7,0.010404,-0.8319,1.0737,0.4412,3.2742,-1.4554,0.22725,-0.93987
31,8,0.0010286,-0.0066714,0.65159,2.6002,6.453,-1.3583,0.34525,1.4904
31,9,0.00024809,-0.44356,0.996,1.0471,6.4659,1.0284,0.32253,0.32993
31,10,0.00069215,-0.25079,0.043735,-0.054276,5.4745,0.21466,-0.40485,0.24611
31,11,0.0018558,-0.61029,-0.053156,0.66723,4.8493,0.17219,-1.1912,1.8987
31,12,0.010815,1.1997,-1.2724,-1.8815,5.0493,1.82,0.95736,-1.2249
31,13,5.9201e-06,-0.74892,0.44174,-0.37084,8.5141,1.2394,0.2869,0.62102
31,14,0.0012991,0.5302,-0.73356,1.1283,6.1121,1.5164,-1.2995,2.4194
31,15,0.00038202,-0.10311,-0.040915,0.9107,5.2585,-0.75179,0.37553,1.0608
31,16,0.0072272,-0.81259,0.56426,0.8949,2.8208,-1.5263,-1.5467,0.12616
31,17,0.00015575,0.26536,-0.84658,0.055282,6.1756,0.59395,-1.6407,0.20993
31,18,0.0021765,1.063,-0.67919,0.60202,7.1351,0.80375,0.090219,1.2162
31,19,6.8924e-06,-1.6675,-0.093191,-0.62775,4.9079,0.11368,-0.70601,1.606
31,20,1.5474e-05,-0.56647,-1.451,-0.065786,5.5223,-1.0155,-0.45566,0.29939
31,21,0.012471,1.6941,0.214,0.26506,6.6667,0.64226,2.1417,-1.0782
31,22,0.051604,0.81277,-0.34091,1.3075,4.2699,1.349,-1.1127,1.9042
31,23,0.0058981,-0.62639,0.30684,-0.92139,3.6562,-1.0579,0.321,-0.83341
32,1,0.22807,-0.21036,0.83117,-0.2042,2.4519,-0.40627,-0.28856,-1.2354
32,2,0.089743,2.2757,0.48144,2.1044,8.7312,1.0647,0.44226,0.77292
32,3,9.6222e-05,-0.48436,-0.38279,0.6135,5.9664,0.64822,-0.36722,1.4853
32,4,0.00055452,-0.40319,-0.0685,-0.34384,6.7462,0.35018,0.5953,0.22237
32,5,0.00061018,-0.91426,0.086055,-0.43043,4.0408,1.1942,-0.79078,0.53966
32,6,0.003857,0.58524,0.38196,0.7738,5.6618,-0.59706,0.88369,-0.40377
32,7,0.013792,0.46784,-1.8222,0.55091,3.7158,-1.6378,-2.8418,-0.13451
32,8,0.010169,1.386,-0.4434,0.17029,6.2278,1.1949,-0.23075,0.30426
32,9,0.00022334,1.0438,-0.51724,-0.11587,8.3121,0.17611,0.51207,-0.24677
32,10,0.0021498,-0.63459,1.5144,1.3564,5.0925,-2.0103,-0.27009,0.10218
32,11,0.00023759,-1.1384,-0.49837,-0.33202,3.4239,-0.94357,-1.1464,-0.6009
32,12,0.0020999,-0.86335,-1.2663,-1.1247,3.1431,-0.086015,-2.395,-1.3721
32,13,0.0023242,0.64082,-1.2304,-0.9211,5.5017,0.65514,-0.15291,-0.71946
32,14,0.00022688,-0.55115,0.32878,-0.59464,4.719,-1.1078,0.34165,-0.85478
32,15,0.01931,0.61167,-0.77899,-1.8923,3.6597,0.25814,0.025707,-1.6798
32,16,3.5912e-07,-2.5023,0.70006,-0.85679,5.9549,-0.82265,0.39602,0.87286
32,17,0.033967,1.4273,-0.82381,-0.52947,5,0.18764,-0.41761,-2.4064
32,18,0.00045121,-0.56087,-1.2565,-1.2536,5.661,-1.1074,-0.74675,0.062013
32,19,0.0038805,0.53984,0.055833,0.63748,5.2385,-0.41653,-0.98431,-0.62415
33,1,0.010363,-0.22655,-0.68595,-0.49288,4.1446,-1.4298,0.0072631,-0.7018
33,2,8.7707e-05,-0.64806,0.60119,-0.036873,5.7836,-0.47615,0.03553,-0.77866
33,3,0.00015686,0.70561,-2.7248,-0.2523,6.334,1.9505,-1.6677,2.268
33,4,0.28358,2.811,-1.4466,0.42055,6.1183,1.0303,-1.6552,-1.2933
33,5,0.0055106,-0.77859,-1.1461,-0.93823,2.903,-1.3145,-1.7027,-0.80879
33,6,0.00051265,0.21261,0.52919,1.945,6.0901,0.45957,0.27275,2.2871
33,7,0.0013616,-1.0486,-0.57625,-1.2282,3.1621,0.75221,0.60923,-0.30135
33,8,0.0096562,-0.32953,0.92039,1.469,5.1813,-0.92457,-0.35341,1.3025
33,9,3.139e-05,-1.8177,-0.447,-0.52409,4.9045,-0.90912,-0.76567,0.50596
33,10,0.0015119,-0.2139,-0.23843,-1.1099,4.566,1.0597,-0.44547,-0.33277
33,11,0.00011244,-0.2609,-0.1778,-0.99492,6.7649,0.97884,0.072545,-0.33186
33,12,0.00060956,1.4552,-0.39023,1.8516,8.5839,0.95305,0.91274,1.5792
33,13,0.0015257,1.2028,0.28261,0.24052,7.6437,1.6,1.5319,-0.027729
33,14,9.358e-06,-0.81529,0.16085,-1.0391,6.0345,-0.25942,0.30632,-1.0618
33,15,8.6891e-06,-0.97444,-0.011373,-1.3348,7.0211,-0.4701,0.099131,-0.58056
33,16,1.3415e-05,-0.66185,0.89933,-0.61374,9.0104,2.3496,2.3038,1.6546
34,1,1.8832e-05,-1.2221,0.12977,-2.2829,6.5509,0.052731,1.1539,-0.27726
34,2,0.0013553,-0.44888,0.6525,1.0775,5.9134,-0.16184,-0.6162,0.40054
34,3,0.0086085,0.49823,0.35563,-1.481,5.1094,-0.2703,0.48894,-1.5549
34,4,4.6152e-05,-1.2011,1.3494,-0.81765,7.2863,1.983,1.0918,-0.086402
34,5,0.0032086,0.53313,-2.7824,-0.86735,4.9716,-0.16616,-2.3648,-0.54643
34,6,0.0015567,-0.25043,-2.9863,-1.7706,3.8791,-0.44696,-2.525,-0.34575
34,7,0.00028011,-1.274,0.33763,0.19898,4.8258,-1.0523,-0.4228,-0.72371
34,8,0.002266,0.86514,0.86452,-0.24016,7.1098,1.7519,1.281,0.78425
34,9,6.4049e-05,-0.76174,-0.02174,0.0073962,6.7864,0.086394,-0.46489,0.90728
34,10,0.02207,0.80815,0.69418,1.0972,6.9155,1.1199,-0.32622,0.4291
34,11,0.0061218,0.43016,-1.2471,-0.48053,4.1418,-0.95355,-1.1846,-0.65563
34,12,0.00081461,-0.19333,-0.10103,-0.29622,5.9607,0.41052,-1.0278,0.42504
34,13,0.12796,1.1825,-1.9792,0.032193,3.8277,-0.52764,-0.81612,1.1942
34,14,0.0042012,-0.70223,1.6127,1.0459,5.756,-1.1872,-1.6975,-1.1725
34,15,2.1662e-06,-0.9109,0.014801,-0.38271,7.4497,0.84413,0.74366,1.6662
34,16,0.00020629,0.039649,0.21734,-0.80653,8.5723,0.75581,1.634,0.31729
34,17,0.057961,-0.73603,-0.41763,-0.045235,2.4257,-0.63409,-1.6931,0.31998
34,18,2.477e-05,-1.6453,0.12483,-0.73428,5.2813,-0.54387,-0.063775,-0.29291
34,19,0.056558,1.3687,-1.7653,-1.0532,4.9929,0.42624,-1.1029,-1.162
34,20,0.0013568,-0.79171,0.09528,-0.48161,4.511,0.13098,0.42387,-0.1015
34,21,4.2253e-05,-0.91992,0.48697,-0.27303,6.875,-0.66599,-0.23569,-0.19106
35,1,0.071074,0.66334,1.2022,-0.078582,4.6227,-0.26706,0.88229,-2.496
35,2,0.00054284,0.5305,1.0312,1.3252,9.0891,0.76396,0.85831,0.52655
35,3,7.7693e-05,-0.88372,0.84797,1.2255,5.2133,-1.098,-0.28335,0.44252
35,4,0.0024487,0.47849,-1.397,-0.061127,5.317,0.44126,-1.7745,-0.50444
35,5,0.037997,1.4196,-0.048431,-0.91855,4.8256,1.5813,0.32729,-0.47652
35,6,8.825e-06,-2.1062,1.7229,-0.86293,5.8351,-0.28798,0.65973,-1.2441
35,7,2.9893e-05,-0.37024,-0.67583,0.59321,6.0992,-1.1701,-0.66283,0.25458
35,8,0.17799,0.63707,0.13361,0.83982,3.5126,0.051963,0.3422,-0.38377
35,9,0.00020057,-0.17102,-0.13807,-0.7879,5.7906,-0.73299,1.2834,-0.10004
35,10,0.0053048,0.9021,-1.4399,-0.75566,5.7019,0.87607,0.41349,0.52924
35,11,0.062869,0.61752,0.095871,2.0251,4.3439,0.63854,-1.429,1.3367
35,12,0.0024149,-0.8701,0.30224,0.56653,3.5821,-1.8557,-1.2583,-0.42627
35,13,0.0020778,-0.11196,-0.88881,-0.47465,4.9448,-1.5345,-0.31799,-0.0034373
35,14,0.00010377,-0.23403,0.80904,0.71845,7.1712,1.1203,-0.7651,1.0484
35,15,4.83e-05,-1.7279,-1.7906,-2.169,3.1807,0.13268,-1.5302,0.39012
35,16,0.0004487,-0.41289,-0.041287,-0.031344,4.7638,0.25289,-0.49008,0.19212
35,17,4.4218e-05,0.086046,-1.5048,-1.6123,6.8417,-1.5279,1.0815,0.16402
35,18,0.00090801,-0.34347,1.17,-0.88366,4.8664,1.0932,0.22103,-0.88568
35,19,0.0013404,-0.66215,0.85458,-0.31778,5.0409,-0.48012,0.94544,-0.73908
35,20,0.00021468,-0.090836,2.0292,1.1984,9.6706,-1.073,2.3368,0.82903
35,21,0.000729,-0.10934,-0.37264,-0.10903,5.7292,-1.2183,0.19991,-0.058482
35,22,0.0053746,-0.5342,0.32128,-0.65037,3.3057,-0.6335,-0.63315,-1.0677
35,23,0.00027371,-0.84621,-0.5625,-1.9428,3.3948,-0.33369,-1.418,-2.3979
35,24,8.4898e-06,-1.4207,1.5089,-0.50504,6.1147,0.27208,2.7438,0.72729
36,1,0.00021547,-1.5732,2.8697,-0.4292,6.2718,0.019456,2.1604,-0.70561
36,2,0.00013779,-0.95096,0.27325,-0.37914,5.8199,-1.0807,0.54077,-0.65695
36,3,0.002752,0.45132,1.1103,-0.18487,6.0453,2.1009,1.0727,0.041159
36,4,0.0043476,0.39205,0.33324,0.83519,5.8645,0.083383,1.3483,0.57374
36,5,7.6452e-05,0.6368,-2.9915,-1.6878,6.6173,0.57206,-0.20774,0.11661
36,6,0.076384,1.3944,0.90497,2.1906,7.4152,1.1902,-0.18254,0.53803
36,7,9.2934e-05,-1.2669,0.5909,0.082083,5.8903,-0.17535,0.02255,-0.31442
36,8,3.0645e-05,-0.47886,0.91342,-0.72292,6.6154,0.52417,0.21579,-0.54698
36,9,0.00019165,-0.98104,0.20745,-2.3664,4.2688,-0.073676,-0.060987,-2.0841
36,10,0.0055791,-0.51091,-0.68323,-0.74665,4.3129,-2.0137,0.90655,-0.13267
36,11,0.00097472,-0.19817,0.028415,-0.29619,5.4505,0.91666,0.69433,0.31157
36,12,0.0051145,1.1672,1.8199,0.57035,7.9167,2.6524,0.018178,-0.74002
36,13,0.074721,1.3772,-2.6705,-1.6936,4.2494,1.9616,-1.7737,-1.2684
36,14,0.0069003,0.51797,-0.0012525,1.0765,5.1485,-1.2252,0.77109,0.57884
36,15,0.0092381,0.57686,-1.4111,0.11061,4.2166,-0.70474,-1.2968,-0.95129
36,16,0.013585,-0.40163,-1.4215,-1.572,2.3803,-0.92133,-0.64175,-1.6327
37,1,5.9867e-07,-2.6591,2.5678,-1.1592,6.3729,-0.15464,2.1454,-0.46694
37,2,3.1972e-05,-1.6648,1.5524,0.2609,5.324,-1.4204,0.54133,-0.93769
37,3,0.0016164,0.49534,-1.9859,-0.28968,4.1867,-0.69467,0.72102,1.1218
37,4,0.0024109,-0.55369,1.9848,1.4935,5.6158,-0.070295,0.18057,1.415
37,5,0.00012039,0.76358,-1.0831,-0.95727,6.7767,1.7952,0.84947,0.005238
37,6,4.3875e-05,-1.152,0.35857,-0.73434,5.0281,-0.84099,-0.58981,-0.67071
37,7,0.2802,2.3365,-0.83585,1.9533,5.4166,0.20886,-2.209,-0.67797
37,8,0.00094083,-0.85102,-0.426,-0.34808,3.2944,-0.92388,-0.88973,-0.19202
37,9,0.00034474,-1.1627,0.45728,-0.33711,4.6713,-0.26236,-0.91443,0.63462
37,10,4.0257e-06,-0.19889,0.34226,-1.8312,7.3449,0.88929,0.61728,0.22843
37,11,0.010225,0.75121,-0.53662,-0.5823,4.0149,-0.62541,-0.18221,-0.96332
37,12,2.4697e-05,-0.6221,1.1023,-0.19046,7.383,-0.40812,2.5053,1.0082
37,13,0.0097079,0.75706,-0.53204,1.3033,4.5604,0.12995,-0.98979,0.19909
37,14,0.00078665,0.19793,0.23477,-0.32642,4.5728,0.58946,0.16491,-1.6498
37,15,4.4734e-05,-2.5618,1.5252,-2.544,4.0223,-0.22839,0.4752,-1.9346
37,16,0.0017749,-0.018814,-0.57593,-0.28465,4.6801,-0.34072,0.025703,-0.0084371
37,17,0.0036385,0.33616,1.1235,-0.33377,5.828,0.83308,0.98491,-1.2863
37,18,0.19983,1.4036,-2.5104,2.1815,4.0497,-1.1213,-1.4307,2.5287
37,19,0.00013927,-1.6123,0.94362,0.9363,5.2294,-1.1167,-0.59763,0.6419
37,20,0.0010232,-1.6836,-1.0576,-1.2147,3.0876,-0.73508,-0.73327,-0.2012
37,21,0.00024434,0.48325,-0.13179,0.57051,6.0453,0.74504,0.71773,0.3814
38,1,4.837e-06,-1.0054,1.1595,-0.14749,8.0419,1.6569,1.897,1.5023
38,2,0.0026273,-0.52592,-1.0413,-0.98898,4.4197,-1.256,1.1773,0.21162
38,3,0.017921,0.96373,0.42448,0.65793,7.1871,1.2006,1.281,0.78661
38,4,1.8342e-05,-1.4304,-1.6585,-1.0456,4.9877,-1.1711,-1.186,-0.078253
38,5,0.0087138,0.76473,-0.52976,0.4237,5.3359,0.31728,-1.6568,0.94188
38,6,0.00087024,0.17,-1.1429,-0.50317,6.3217,0.20203,-0.47618,0.067296
38,7,0.062718,1.0785,-0.079274,0.22477,6.1677,0.92123,0.20562,0.06718
38,8,0.0091126,0.88484,-1.5039,-1.0621,5.3849,-1.1541,0.354,-1.2136
38,9,0.00070966,-0.47162,0.0090573,0.77849,5.9257,-0.72576,-1.2397,0.20493
38,10,0.00018601,-0.77524,1.249,-0.51995,6.0329,0.92487,0.87597,-1.2641
38,11,4.8763e-05,-0.87173,1.104,-0.2652,6.3135,0.69521,0.80327,1.312
38,12,0.0021855,-1.0374,0.39877,2.2146,5.553,-1.1085,-0.84839,2.0474
38,13,0.035675,0.20345,0.80701,1.4977,5.7292,-0.93398,0.55703,0.35445
38,14,0.0034348,-0.6305,0.89219,-0.23615,4.1046,-0.7331,0.69284,-0.54401
38,15,0.0003373,0.33586,0.016058,0.84738,7.6176,1.3592,1.3226,1.7598
38,16,1.9366e-05,-1.7387,1.7607,-0.53128,5.7346,-0.40023,0.75472,0.40017
39,1,0.00031748,1.0637,0.64118,1.3164,8.0197,1.1339,-0.23259,-0.37153
39,2,0.00019216,-1.1264,-0.11017,-1.5111,4.3789,-0.57685,0.63546,-1.0403
39,3,2.5569e-06,-1.2632,-0.18142,-0.59059,5.2101,-0.49952,0.51438,-0.1029
39,4,5.3862e-05,-0.22366,0.52932,0.43644,5.3193,-0.97882,-0.31508,-0.33861
39,5,1.7175e-05,-1.5847,0.63364,2.1337,7.2961,-1.5704,0.51779,1.5761
39,6,0.0020506,1.0768,0.73299,0.94904,5.9986,0.50357,1.3668,1.0618
39,7,0.00056618,-2.1839,3.6904,1.3344,5.5355,0.3438,0.14394,0.23287
39,8,0.017956,-0.22642,0.2619,0.60501,3.2925,-1.0441,-1.9146,-1.7756
39,9,0.00041496,-0.49704,0.4084,-1.7004,3.2124,0.46386,-1.1745,-1.9485
39,10,0.3204,0.4043,-0.36677,-1.4072,1.322,-0.74285,-0.93695,-3.2512
39,11,1.3797e-05,0.23617,-2.0052,-0.40932,5.6487,-0.73482,-0.86919,0.73011
39,12,0.041571,0.08712,0.4426,1.7194,3.6983,-0.43524,-0.33128,0.75617
39,13,0.00047311,-1.4827,-0.44974,-0.33549,2.677,-1.9122,-1.2619,-0.48544
39,14,0.38864,2.2009,-0.096762,0.28214,5.1042,0.65668,-0.30557,-1.3771
39,15,9.5899e-05,0.20162,0.2666,-0.16525,5.8898,-0.37578,1.1399,0.30744
39,16,0.00010998,0.66481,-1.2737,-1.0197,5.8388,-0.47372,0.74937,0.093142
39,17,0.0058338,1.8959,-0.71721,0.84943,6.5571,1.5374,1.0451,0.81366
39,18,1.5975e-05,-0.67055,0.75785,0.48209,6.5144,-1.5658,0.50954,1.0826
39,19,2.2779e-06,0.12721,0.83162,0.9103,9.4027,-0.69831,1.427,1.4004
39,20,1.7925e-05,-1.778,0.80181,-0.57463,5.0322,-0.93769,0.95995,0.79677
39,21,0.00076071,0.021242,-0.94144,-1.0061,4.073,-0.2096,-0.025545,-1.3239
40,1,0.023149,1.3707,-0.1661,0.064636,6.3911,0.92656,0.72099,-0.044282
40,2,0.0027261,0.2811,-0.95414,0.059346,5.5468,-0.29753,-0.89081,-0.40209
40,3,0.00065518,-0.38414,-0.6487,0.079259,5.5835,-0.34368,-0.62336,0.3896
40,4,0.022228,0.37076,-0.2045,0.88066,4.9567,-1.5796,-0.39074,-0.13444
40,5,0.0080124,-0.83826,-1.6764,-0.8602,2.1064,-2.5254,-2.3542,-1.3768
40,6,0.023981,0.78471,0.4135,0.83898,4.9709,0.83928,0.64317,-0.08349
40,7,0.13861,0.6373,2.1223,0.40859,4.6848,0.092824,1.3041,-1.2449
40,8,0.0045161,-0.14051,0.39358,1.0778,4.8112,-0.75368,-0.67176,0.85874
40,9,0.00039913,0.82717,-0.17571,0.23081,8.814,2.2561,-0.62547,1.2139
40,10,1.9008e-06,-1.3384,1.2502,-0.094373,6.5866,-1.6511,0.80386,0.14822
40,11,0.0034579,0.65194,-1.3279,-0.51682,5.0497,0.69829,-0.93529,-0.21281
40,12,0.001096,1.1194,-0.71348,-0.80809,6.0673,1.1113,0.092067,-0.082406
40,13,0.0010609,-1.0412,-0.7218,-2.1751,2.8267,-1.4208,-1.0688,-1.8422
40,14,0.016836,1.2516,0.071056,0.61296,6.2165,0.23313,1.0373,0.39174
40,15,0.00014409,-1.4914,-2.2751,-1.0696,3.2679,-1.5585,-1.9262,0.50322
40,16,0.0012175,1.06,0.89165,-0.98427,7.4957,2.3572,1.4566,-0.47483
40,17,0.002549,-0.098353,-0.63038,1.9548,5.5781,-1.7569,-2.0138,1.3147
40,18,0.00065897,-0.4162,-0.79105,-1.7872,4.8892,-1.4954,0.48111,-1.3103
40,19,4.0049e-05,-0.5185,0.69195,1.3015,6.9449,-0.30089,-0.42962,1.5288
40,20,0.0014841,-0.81399,1.7388,-0.14179,5.5968,0.44817,0.25717,-0.21097
40,21,0.015422,1.1673,-0.59458,-0.082289,5.9127,-0.14573,0.69651,-0.49441
40,22,0.00080785,0.33963,-1.6013,-0.40232,4.7663,-0.12878,-0.66703,1.0039
40,23,0.0003283,-0.9405,-0.054407,-0.77377,5.2483,-0.29082,-0.38833,-0.29387
40,24,2.2145e-05,-1.6457,1.5922,0.022512,6.0173,-1.4083,1.4796,-0.33441
41,1,0.0041198,1.1909,-0.62587,-1.1143,6.1821,0.38179,1.2173,-1.1977
41,2,0.001255,0.7071,-1.2575,-2.1824,4.7711,0.64245,-0.92441,-1.0355
41,3,0.00092777,0.11376,1.7653,-0.50186,7.6046,1.027,1.3303,-0.23518
41,4,0.00029019,0.14366,-0.12421,-1.2103,7.3087,-0.096398,1.3845,-0.46622
41,5,0.0011521,0.20163,-0.79796,-0.69608,6.8462,0.44496,0.53184,-0.23862
41,6,1.4527e-05,-0.35102,-0.76866,-0.64643,7.0273,-0.21268,0.50023,0.8239
41,7,0.00021807,0.25163,-0.29379,0.11382,4.9667,-0.60116,-0.005959,-0.59402
41,8,0.00052032,0.38986,0.26626,1.0992,7.113,1.2453,-0.044994,1.4807
41,9,0.0090739,0.16208,-0.93408,-1.0941,4.0015,-1.0803,-0.74401,-1.4539
41,10,0.012905,1.0382,0.14799,0.066838,6.7445,1.1634,-0.34501,-0.32566
41,11,0.0065306,0.080579,-0.31729,0.062596,4.1468,-1.1884,-1.2608,-0.6916
41,12,0.01431,-0.38361,-1.3196,-0.26855,3.3829,-1.444,-2.1167,0.019393
41,13,0.027813,0.55396,-0.17301,1.5072,6.1375,0.61023,-0.063682,1.5089
41,14,0.0032394,0.338,0.0076745,1.1319,6.5684,0.70915,0.89803,1.7765
41,15,0.00012091,-0.2179,1.0733,-1.4463,6.3901,1.454,0.90709,-1.1026
41,16,0.040004,1.2531,1.012,0.56241,6.3313,0.33672,0.48701,-0.92441
41,17,0.00028708,0.31241,-0.55811,-1.7143,7.4631,0.82753,1.1842,0.52646
41,18,0.068604,0.61612,-0.70226,1.1526,4.9625,-0.39346,-1.2408,-0.078785
41,19,0.00092146,-1.6035,1.2286,0.86874,4.8043,-1.5547,0.14398,0.61549
41,20,0.00024378,-1.7059,0.68501,0.14215,4.9034,-1.3214,-0.20944,-0.25328
41,21,0.00013929,0.012965,0.96818,0.3332,8.1501,1.63,-0.25502,-0.28121
41,22,0.00072754,0.098825,0.77746,0.76914,6.7288,0.13283,0.48348,0.65967
41,23,0.043969,0.016029,0.5014,-0.21593,2.8061,-1.7176,-0.9632,-1.4655
41,24,0.010993,0.52462,-0.38935,-1.9827,5.2163,1.5005,-0.88154,-0.80115
41,25,0.0013645,0.045383,-0.55411,1.4933,5.3325,-0.8107,-0.52543,0.51961
42,1,0.00052591,-1.4431,0.11897,1.4058,4.2767,-2.7049,-0.54556,0.23456
42,2,0.0057372,0.75425,-1.4263,0.1724,4.7535,-0.93719,-0.8132,-0.085608
42,3,4.0113e-05,-1.3214,0.91192,0.41763,5.2235,-1.3805,0.27234,0.075147
42,4,0.0057003,0.32746,-1.4962,-1.0906,4.2401,-0.18806,-1.7565,-1.5031
42,5,6.6157e-06,-2.1805,1.2596,-0.81585,5.5926,-0.12493,0.16477,-0.41487
42,6,0.00017845,0.042332,0.51347,-0.23751,6.5061,0.64763,0.047275,0.2768
42,7,0.015033,1.0288,0.65656,0.71464,6.4692,-0.015775,0.22234,-0.51094
42,8,0.023175,1.2095,0.070567,2.0105,7.0742,0.66713,0.14459,1.0483
42,9,0.00039004,-0.42949,-0.73826,-1.0163,5.3878,0.69442,-1.475,-0.48578
42,10,0.023734,1.6585,-2.0331,-0.13081,5.4021,-0.25097,-1.0915,0.70061
42,11,0.048526,1.3668,-0.9313,0.2177,5.5127,1.6343,-1.0758,0.10126
42,12,0.00015525,-1.21,-0.5216,-1.7605,4.0832,-1.027,-0.53125,-1.2209
42,13,8.3161e-05,-0.21792,-0.96353,-1.0563,5.3804,0.76643,-0.26404,-0.36237
42,14,0.015396,1.0749,1.9391,1.0573,8.5417,0.34365,1.949,0.62749
42,15,0.00025884,-1.2235,-0.26755,-1.0446,4.4645,-1.2369,0.33594,-0.91157
42,16,0.061122,0.98572,-0.39981,1.4113,4.5425,-0.67311,-1.1824,-0.9203
42,17,0.00063708,0.63844,0.98683,-0.11977,6.6175,0.22453,1.8892,0.26422
42,18,0.0004054,-1.0169,1.3317,-0.44782,4.3712,-0.30845,0.23597,-0.39798
42,19,0.0061303,0.10809,0.30314,1.3855,5.3983,-0.78236,0.48049,-0.77661
43,1,3.4212e-07,-2.1893,0.88794,0.37738,6.4865,-0.92654,1.6993,2.4903
43,2,0.005879,-0.21413,1.2382,1.3212,4.8344,-1.2541,0.096145,-0.14947
43,3,0.00072066,0.31016,0.12616,1.5815,6.426,-0.2328,-0.91702,1.727
43,4,0.0006671,0.34564,1.1503,0.89252,5.6033,-0.58539,1.7112,0.85186
43,5,4.6535e-05,-0.83016,0.38798,-0.25342,5.3278,-0.099876,0.49887,0.29471
43,6,0.0012335,-0.60256,0.83881,0.53931,4.2711,-1.5561,-0.053266,-0.34934
43,7,1.2547e-05,-1.2864,0.11715,0.52686,5.263,0.30617,-0.056624,0.56954
43,8,0.41007,2.1939,0.29704,0.37758,5.5714,1.4938,0.81957,-0.20139
43,9,9.6994e-07,-1.5839,0.37982,-1.5736,6.6059,-0.91875,0.9965,-0.28991
43,10,9.1804e-05,-0.13308,-0.44924,0.40325,6.4958,-0.26919,0.38087,0.87847
43,11,0.00098563,1.1668,0.11627,2.2024,6.0192,0.041673,0.50676,1.6279
43,12,1.3456e-05,-0.55163,0.15102,-0.35787,6.2248,0.011122,-1.2631,0.059361
43,13,0.0013727,-0.3165,0.12538,-0.016705,4.8628,-0.21865,-0.59421,-0.2971
43,14,0.00063659,-1.8353,-0.72167,-0.26688,4.0031,-1.9839,-1.3606,0.64268
43,15,0.00072668,-0.010002,1.1895,-0.5472,4.8658,-0.2513,0.25414,-1.2657
43,16,0.0011356,1.3873,1.8088,0.66779,6.5751,0.68889,3.6811,-0.99438
43,17,0.12595,1.4716,0.92246,1.2574,5.3749,0.96498,-0.28067,0.2024
44,1,2.8831e-05,-0.54997,0.066405,0.069674,6.9858,1.2193,0.95788,0.9729
44,2,0.0002229,0.20755,-1.1152,-0.51423,6.2047,-0.55963,0.83249,-0.36826
44,3,0.29712,0.83992,0.75767,0.93412,4.0597,-0.15934,-1.1612,-1.5876
44,4,0.0033172,-0.26891,0.22722,2.8306,5.0699,-1.0435,-2.4503,0.91059
44,5,0.019062,0.24448,1.5929,0.68531,4.5755,-1.7049,0.6633,-1.1397
44,6,0.00010768,-0.8288,0.042166,0.91083,5.3267,-0.20201,-0.075286,1.2486
44,7,0.0044309,0.0082528,0.74561,1.0218,4.9514,-0.21249,0.39982,1.9103
44,8,0.021168,0.9387,-0.0716,2.3034,5.5617,-0.25129,-0.25749,1.1654
44,9,0.00018584,-0.27496,-0.20341,0.97248,4.9598,0.42291,-0.26251,0.52213
44,10,0.0081655,0.73735,-0.48255,0.16193,5.0499,1.1866,0.50525,-0.099966
44,11,0.00033919,-0.053077,1.1297,1.8656,6.4493,1.1031,0.36795,1.3571
44,12,0.00013846,0.24176,-0.72913,-1.5552,5.6403,0.85655,-1.0175,-0.81579
44,13,0.00032022,-0.94712,1.6226,0.23331,6.1911,-0.41346,-0.40454,-0.90546
44,14,0.15485,1.1785,-1.6502,0.34802,4.0159,-1.616,0.50117,-0.51451
44,15,6.3394e-06,-1.1325,-1.0888,0.61246,6.3979,-0.38072,-0.88924,1.8891
44,16,0.0017889,1.3427,-0.92787,-1.1357,5.3872,0.44164,0.8561,-1.9585
44,17,8.8104e-05,-0.34666,0.97916,-0.12173,6.566,0.32606,1.1883,0.63939
44,18,0.0020677,0.85605,0.71182,0.84301,7.3838,0.17817,0.56418,0.13775
44,19,0.00016351,-1.1204,0.7358,-0.61329,6.699,-0.15588,1.3693,0.73521
44,20,2.4943e-05,-1.8609,-0.21973,-0.38736,5.7989,-1.411,-0.39929,0.35922
44,21,0.00075809,-0.61546,0.23228,-0.1701,4.3187,-0.4178,0.33671,-0.067198
44,22,2.0869e-05,-0.97179,1.7354,0.41518,6.7949,0.65301,1.5388,1.219
44,23,0.00012188,-1.1742,1.0066,1.156,5.9582,-1.4165,0.21479,0.78474
44,24,0.001638,-0.077053,-0.34909,-1.7141,3.6851,-0.72266,-0.3017,-0.94912
44,25,0.00016219,0.15167,-0.60388,-0.037091,5.625,-0.5367,-0.47339,-1.0308
45,1,0.00017108,-0.29843,-0.99238,0.82612,5.5152,0.255,-0.91794,0.95203
45,2,0.0075616,1.1927,-0.81653,0.21295,4.9343,1.2263,1.0548,1.0799
45,3,0.00021093,-0.046164,0.1203,-0.25425,5.3684,-0.097742,0.074267,0.010534
45,4,0.030063,-0.43905,-0.66627,-0.1183,2.5434,-1.2368,-2.3076,-1.3559
45,5,4.447e-06,-1.296,0.40203,-0.28953,6.4101,-1.185,0.92822,0.7937
45,6,9.1867e-06,0.12909,-0.47789,-0.48004,7.025,0.904,0.46598,0.39449
45,7,5.8446e-05,-2.242,1.7353,-0.23236,5.3164,-1.6479,-0.46099,0.3296
45,8,0.00097249,0.87504,0.83609,1.7383,7.3941,0.18809,1.3946,1.8632
45,9,1.9269e-06,-1.3763,-0.18138,-0.66731,7.4731,-1.6759,1.0685,1.1371
45,10,0.00061506,-0.20544,-1.5294,-1.0938,3.7921,0.10565,-1.1037,-0.35944
45,11,0.0043585,-0.11198,1.7541,-0.33757,5.0424,1.3131,0.84659,-1.0415
45,12,0.0033915,0.76011,-0.52592,-0.74326,5.9018,0.71271,-1.0775,-0.32507
45,13,0.0052457,0.0014203,-0.39545,-0.85128,5.445,-1.97,-0.9382,-1.2013
45,14,0.0012068,-0.022382,-0.12245,-0.18044,5.2319,0.26915,-0.34303,-0.92643
45,15,3.892e-05,-0.48277,0.54825,-0.41208,5.9199,0.37826,-0.29714,-0.74074
45,16,0.1222,1.8607,-0.57001,0.01231,5.5861,-0.58989,0.4364,-2.2714
45,17,0.056,1.4247,-0.28289,-0.19451,5.8787,1.7125,0.21436,-0.99062
45,18,0.0014837,0.8089,-0.42169,1.9722,8.4811,1.3498,-0.10624,1.7817
45,19,0.0072472,1.7018,0.3308,1.1052,8.5417,3.2755,0.63861,1.1772
45,20,0.00011708,-1.1145,0.66968,-0.20488,5.1346,-0.76891,0.85129,0.21647
45,21,4.1498e-05,-0.4335,-1.1495,-0.20177,5.3349,-0.20108,-0.65169,-0.010523
45,22,0.00049325,-1.4709,0.12037,-1.0591,2.5266,-1.0706,-4.0968,-2.7397
45,23,0.00021629,-0.071258,0.68234,-1.6052,6.9507,1.1479,1.4539,-1.0425
45,24,0.089197,0.091566,-0.56961,1.4106,3.75,-1.7247,-0.87342,-0.46086
45,25,0.0022768,-0.4098,1.126,-0.94485,3.9476,-0.75655,1.9512,-0.89627
46,1,0.00039439,-0.79109,0.22528,-1.4773,4.7543,-0.35024,1.7041,0.25187
46,2,1.0652e-06,-1.1675,-0.29683,-0.81514,6.7445,0.36548,-0.1049,1.092
46,3,0.00087905,-0.39961,-0.84349,-1.0474,3.7548,-0.64695,-0.74431,-0.52154
46,4,3.9523e-05,0.18253,-0.72155,-1.0013,6.1016,0.16257,-1.1933,-0.15554
46,5,0.0028146,1.659,-1.3259,2.1927,7.9751,0.33956,-0.4263,1.1988
46,6,0.00024857,0.14197,-0.1482,0.00021039,5.2779,0.18743,-0.27438,0.26476
46,7,9.0528e-06,-0.27317,0.31911,0.49342,7.2441,-0.75166,0.98657,0.39143
46,8,0.00054333,-1.3595,-0.22095,0.12143,4.2033,-1.7203,-0.45796,-0.57211
46,9,4.1845e-05,-0.46043,-0.73101,-0.25359,6.0435,-0.5365,-0.11737,0.073076
46,10,0.023585,0.78126,-1.1437,-0.70029,3.0863,0.35339,-1.0589,-0.10947
46,11,0.015837,-0.498,0.89739,1.1622,4.7016,0.4136,-0.63825,0.53789
46,12,0.2406,2.4262,-1.1615,2.212,6.482,-0.4109,-1.1278,0.21538
46,13,0.036057,1.2177,-3.1045,-0.89834,3.3839,0.082026,-2.0637,0.079038
46,14,0.0018831,-0.17021,0.97037,1.0426,4.253,0.012095,-0.068386,-0.4678
46,15,0.0031674,0.51984,0.65085,0.0086469,6.1156,1.3611,-1.2691,-0.27881
46,16,0.030602,-0.96759,0.99433,0.73625,3.4499,-1.644,0.40243,0.50327
46,17,0.00080795,1.2093,-1.1189,0.21789,6.8041,0.22907,0.62741,0.40832
46,18,0.0033296,0.27255,0.034451,-0.26415,4.2749,-0.077688,-0.34978,0.16173
46,19,2.8878e-05,-0.10716,-0.090609,-1.314,7.5437,-0.063143,0.73429,-1.251
46,20,0.00017783,-1.9081,1.5305,1.6058,5.1963,-2.6455,0.6878,0.12303
47,1,0.0047091,0.75904,-1.1869,0.11217,4.8714,0.2569,1.1763,0.76096
47,2,0.00099184,-0.43321,1.6544,-0.16359,5.3408,-0.058192,1.0362,0.4967
47,3,0.14907,2.7295,-0.60309,-0.83631,7.0137,2.5561,0.50175,-0.19504
47,4,0.013635,0.59075,-0.20977,1.8545,4.6505,0.0098716,-0.79551,1.6373
47,5,2.8573e-05,-0.97457,1.4548,0.16361,7.3132,1.0521,0.86077,1.0699
47,6,0.10819,0.45612,1.3395,0.73259,3.4961,-0.38261,-0.50057,-0.80826
47,7,0.0042845,-0.76155,-1.3264,-0.19203,2.9088,-0.77733,-0.69674,0.13334
47,8,9.6261e-05,-1.7372,0.54702,-1.5412,4.1578,-0.60701,-1.3692,-0.48407
47,9,0.00028733,-0.3377,-0.99328,-1.448,4.5647,-0.89314,-0.15025,-1.3466
47,10,0.00012806,0.69999,-0.91475,-1.4776,7.2226,0.2734,0.87709,-0.79611
47,11,1.3947e-06,-2.2013,1.1727,-1.4806,6.8118,0.58429,0.96158,-0.69836
47,12,0.00052266,-0.52416,0.61308,-0.27435,4.7485,-0.70783,1.2394,-0.46773
47,13,0.00023158,0.55642,1.1821,1.3619,7.6416,1.4141,0.26835,0.96389
47,14,0.0016467,0.30321,1.1333,1.9751,6.45,-0.03243,0.44398,1.468
47,15,0.00020938,0.93076,-1.4036,-1.1622,7.5991,1.1804,0.15548,0.21586
47,16,0.028165,0.38887,-0.66485,-0.37247,3.3153,-1.0666,0.41433,0.19234
47,17,0.0040923,1.472,-1.2137,-1.169,5.7203,1.2036,0.72253,-1.9502
47,18,0.0012053,-0.67896,0.20162,-0.58229,3.6991,-1.5504,1.5291,-0.55281
47,19,0.00019354,0.50091,-1.161,-0.2874,6.6232,0.51201,-1.3563,-1.3908
47,20,0.0013465,0.53029,-1.6661,-2.2831,5.3833,-0.26665,0.76163,-1.3735
47,21,0.0018939,-0.28595,-0.91453,-1.6384,3.4467,-1.4513,-0.29402,-1.8033
47,22,0.0068869,0.71256,-0.037501,0.79073,6.0417,0.15544,0.29282,0.27669
47,23,0.00033047,-0.22792,0.50154,1.5689,6.0197,-0.052467,-0.17698,0.82537
48,1,0.010635,0.38765,-1.4308,-1.0755,5.195,-0.20984,-0.3283,-0.94694
48,2,0.00021066,-0.17776,2.1536,0.9343,7.0287,0.26674,0.88209,-0.20607
48,3,0.0050343,1.616,-0.69108,-0.68682,5.5969,0.76142,0.48664,-0.56605
48,4,0.0019283,-0.13958,0.61649,-0.34521,4.2514,-0.25343,-0.2575,-1.6545
48,5,5.8206e-05,-1.6312,0.87699,-1.323,4.7287,-0.12838,0.93137,-0.25931
48,6,4.568e-05,0.3229,0.077655,-0.064836,8.0347,-0.35005,0.49555,-0.083275
48,7,0.13374,2.0284,-2.1057,-1.1889,5.5093,1.651,-1.0812,-0.91959
48,8,1.718e-05,-1.3789,1.2574,1.0234,6.0907,-2.1682,1.0318,0.16101
48,9,0.0009471,-0.99805,-1.0729,-2.386,4.169,-0.7598,-0.34771,-0.61735
48,10,0.15003,1.2335,0.30185,0.89929,5.4167,0.3243,0.44909,1.0638
48,11,0.00011799,0.47101,-0.16696,0.50573,7.9837,1.6689,-0.31255,1.0702
48,12,0.00044808,-0.056204,0.81274,0.41934,6.2274,-0.12015,0.027087,0.29313
48,13,0.0013674,-0.414,1.5536,0.067599,6.0612,0.45193,1.6097,0.061329
48,14,0.0007691,0.44274,0.27729,0.78431,7.3438,0.48231,1.3031,1.169
48,15,0.0010358,0.062696,-0.485,-0.70215,4.2163,-0.51374,-0.785,-1.8297
48,16,0.00052216,-0.88207,1.2332,0.1309,5.3069,-0.48042,1.5011,0.24072
49,1,0.0011797,0.3542,-2.0035,-0.099191,6.9367,0.39252,-0.91102,0.38501
49,2,0.011313,0.71851,-0.67544,0.72234,5.6282,-0.16403,-0.8107,0.84085
49,3,8.5971e-05,-1.2385,-1.2377,-2.4578,5.0043,-0.45522,-0.91517,-0.88795
49,4,0.0011894,-1.3772,0.12731,-0.98319,3.2657,-2.004,-2.0832,-1.6994
49,5,0.0050215,-0.38647,-0.94102,-0.89285,4.2009,-1.2498,1.0193,-0.29109
49,6,0.0051504,-0.22747,0.71568,0.37866,4.7987,-0.37981,0.86052,-0.26535
49,7,0.01186,-0.78953,0.7472,0.74198,5.3401,-0.3418,-0.10332,-0.86499
49,8,7.047e-05,-0.95718,-0.11014,-1.2535,4.7259,-0.59324,0.63333,-0.31393
49,9,0.0026794,0.61148,0.18212,2.5791,9.8438,0.11461,-0.4835,2.577
49,10,2.0003e-05,-1.213,0.44381,-1.0057,5.8409,-0.52043,0.47935,-0.9933
49,11,0.015506,-0.096657,0.57988,0.44848,5.2476,0.89601,-0.27031,0.2392
49,12,0.00019502,-0.34199,-1.758,-1.6523,6.6833,-0.29039,0.62691,-0.27571
49,13,0.004638,0.03361,-1.7447,-0.58409,4.387,-0.31801,-1.5886,0.080843
49,14,0.0057386,-0.22539,1.6232,-0.5393,4.5997,-0.34315,1.3055,-1.0463
49,15,0.0013814,-1.0284,0.792,-0.074286,4.0931,-2.2696,1.38,0.24179
49,16,0.10699,0.31858,-0.48956,0.69955,3.125,-1.8028,-0.74856,-0.75246
49,17,0.0064214,0.24133,-1.1061,-1.8398,3.1204,-0.47942,-1.2175,-1.5841
49,18,0.00050795,0.6384,-0.35801,-0.21393,6.25,0.27705,0.46966,1.3173
50,1,0.0012405,0.8669,-0.50646,-1.7845,5.3517,0.93661,0.79325,-1.1053
50,2,0.00010902,-0.74458,-0.3863,0.63636,5.6671,-0.78171,0.20444,0.43211
50,3,0.0053154,0.56202,-2.1444,-1.0819,4.7229,-0.89021,-1.5039,-0.74309
50,4,0.0020711,-1.6481,0.64566,-0.38347,2.6439,-0.90618,-1.0042,-1.099
50,5,0.056686,0.75377,0.38307,0.91428,5.5029,0.96466,-0.30796,0.24372
50,6,0.00042409,0.067477,-0.034738,0.20813,5.3725,-1.704,0.62919,-0.26917
50,7,1.7947e-05,-1.164,-1.6681,-1.0804,4.7188,-0.15395,-0.1086,0.65231
50,8,0.00017528,-0.33476,0.07598,-1.2654,4.7599,-0.66294,0.29604,-1.1195
50,9,0.0017442,-0.75975,-0.35072,-2.082,3.6281,-1.4044,-1.241,-2.7352
50,10,0.059633,0.43948,0.2598,-0.50087,2.925,1.2229,-0.89393,-1.2525
50,11,7.9559e-06,-1.8895,1.3721,-0.91231,5.7901,-0.11081,0.85012,0.54431
50,12,0.0027971,0.20708,-0.47603,0.79517,4.6939,-0.47934,-0.69176,0.23436
50,13,0.009639,-0.29699,1.8086,0.49851,2.7607,0.46703,-0.51117,-1.3533
50,14,3.6765e-05,-1.3915,-1.3057,-0.87714,4.8545,-1.1417,-0.097147,0.2039
50,15,6.2932e-05,-0.71496,0.24005,0.26836,6.1863,-0.90463,0.92179,0.32981
50,16,0.0061564,1.2461,0.20291,0.71259,5.6894,2.3999,-0.20525,0.28363
50,17,9.8634e-05,-0.11632,-0.35643,-0.51562,5.5055,0.070113,0.20812,0.3831
50,18,0.2079,1.9098,0.024378,0.71249,5.0805,-0.63058,-0.85614,-1.7771
50,19,0.0035875,-0.012038,-0.090591,1.1567,5.4397,0.34308,-1.0515,1.1088
50,20,0.0020169,0.14548,0.27686,0.23245,5,0.092803,-0.0039904,-0.65926
50,21,0.00063483,-1.9681,1.4002,-0.047396,2.7387,-1.7606,-1.0792,-1.8187
50,22,0.00026375,-1.2978,0.42011,-0.28478,4.7696,-0.72,-1.2434,-0.8417
